{"warnings":{"f0d0927ea72d9dbe81a940fda1426ab6":[{"VlocityPrimarySourceId":null,"VlocityPreviousPageKey":null,"VlocityMultiPackParentKey":null,"VlocityDepthFromPrimary":0,"VlocityDataPackType":"Apex Class","VlocityDataPackStatus":"Not Included","VlocityDataPackRelationshipType":"Metadata","VlocityDataPackRecords":null,"VlocityDataPackParents":[],"VlocityDataPackName":"DocumentServiceGateway","VlocityDataPackMessage":"Apex Class Export Not Supported","VlocityDataPackLabel":"Apex Class","VlocityDataPackKey":"f0d0927ea72d9dbe81a940fda1426ab6","VlocityDataPackIsNotSupported":false,"VlocityDataPackIsIncluded":true,"VlocityDataPackData":null,"VlocityDataPackAllRelationships":null,"DataPackAttachmentSize":1005,"DataPackAttachmentParentId":"0ncW20000001LNNIA2","DataPackAttachmentId":"00PW2000000COD3MAO","ActivationStatus":"NA","isWarning":true,"id":"f0d0927ea72d9dbe81a940fda1426ab6"}]},"useVlocityTriggers":true,"status":"Complete","processMultiple":true,"primaryDataPackType":"OmniScript","primaryDataPackKey":"18a0e1ddf81ebc918216ee1ef477535e","maxDepth":-1,"isChunked":false,"ignoreAllErrors":false,"forceQueueable":false,"forceOldDataModel":null,"dataPacks":[{"VlocityPrimarySourceId":"0jNW20000001JS1MAM","VlocityPreviousPageKey":null,"VlocityMultiPackParentKey":null,"VlocityDepthFromPrimary":0,"VlocityDataPackType":"OmniScript","VlocityDataPackStatus":"Success","VlocityDataPackRelationshipType":"Primary","VlocityDataPackRecords":[],"VlocityDataPackParents":[],"VlocityDataPackName":"ContactCaseReportFiltered","VlocityDataPackMessage":null,"VlocityDataPackLabel":"OmniScript","VlocityDataPackKey":"18a0e1ddf81ebc918216ee1ef477535e","VlocityDataPackIsNotSupported":false,"VlocityDataPackIsIncluded":true,"VlocityDataPackData":{"Id":"0jNW20000001JS1MAM","VlocityDataPackRelationshipType":"Primary","VlocityDataPackLabel":"OmniScript","VlocityDataPackType":"OmniScript","VlocityDataPackKey":"18a0e1ddf81ebc918216ee1ef477535e","OmniProcess":[{"IsMetadataCacheDisabled":false,"IsTestProcedure":false,"Description":"","OverrideKey":"","IsActive":true,"VlocityDataPackType":"SObject","Name":"ContactCaseReportFiltered","OmniProcessKey":"","VlocityRecordSObjectType":"OmniProcess","Language":"English","PropertySetConfig":"{\"persistentComponent\":[{\"render\":false,\"label\":\"\",\"remoteClass\":\"\",\"remoteMethod\":\"\",\"remoteTimeout\":30000,\"remoteOptions\":{\"preTransformBundle\":\"\",\"postTransformBundle\":\"\"},\"preTransformBundle\":\"\",\"postTransformBundle\":\"\",\"sendJSONPath\":\"\",\"sendJSONNode\":\"\",\"responseJSONPath\":\"\",\"responseJSONNode\":\"\",\"id\":\"vlcCart\",\"itemsKey\":\"cartItems\",\"modalConfigurationSetting\":{\"modalHTMLTemplateId\":\"vlcProductConfig.html\",\"modalController\":\"ModalProductCtrl\",\"modalSize\":\"lg\"}},{\"render\":false,\"dispOutsideOmni\":false,\"label\":\"\",\"remoteClass\":\"\",\"remoteMethod\":\"\",\"remoteTimeout\":30000,\"remoteOptions\":{\"preTransformBundle\":\"\",\"postTransformBundle\":\"\"},\"preTransformBundle\":\"\",\"postTransformBundle\":\"\",\"id\":\"vlcKnowledge\",\"itemsKey\":\"knowledgeItems\",\"modalConfigurationSetting\":{\"modalHTMLTemplateId\":\"\",\"modalController\":\"\",\"modalSize\":\"lg\"}}],\"allowSaveForLater\":true,\"saveNameTemplate\":null,\"saveExpireInDays\":null,\"saveForLaterRedirectPageName\":\"sflRedirect\",\"saveForLaterRedirectTemplateUrl\":\"vlcSaveForLaterAcknowledge.html\",\"saveContentEncoded\":false,\"saveObjectId\":\"%ContextId%\",\"saveURLPatterns\":{},\"autoSaveOnStepNext\":false,\"elementTypeToHTMLTemplateMapping\":{},\"seedDataJSON\":{},\"trackingCustomData\":{},\"enableKnowledge\":false,\"bLK\":false,\"lkObjName\":null,\"knowledgeArticleTypeQueryFieldsMap\":{},\"timeTracking\":false,\"hideStepChart\":false,\"mergeSavedData\":false,\"visualforcePagesAvailableInPreview\":{},\"cancelType\":\"SObject\",\"allowCancel\":true,\"cancelSource\":\"%ContextId%\",\"cancelRedirectPageName\":\"OmniScriptCancelled\",\"cancelRedirectTemplateUrl\":\"vlcCancelled.html\",\"consoleTabLabel\":\"New\",\"wpm\":false,\"ssm\":false,\"message\":{},\"pubsub\":false,\"autoFocus\":false,\"currencyCode\":\"\",\"showInputWidth\":false,\"rtpSeed\":false,\"consoleTabTitle\":null,\"consoleTabIcon\":\"custom:custom18\",\"errorMessage\":{\"custom\":[]},\"stylesheet\":{\"newport\":\"\",\"lightning\":\"\",\"newportRtl\":\"\",\"lightningRtl\":\"\"},\"stepChartPlacement\":\"right\",\"disableUnloadWarn\":true,\"scrollBehavior\":\"auto\",\"currentLanguage\":\"en_US\"}","LastPreviewPage":"","OmniProcessType":"OmniScript","ElementTypeComponentMapping":"{\"ElementTypeToHTMLTemplateList\":[]}","VlocityDataPackIsIncluded":true,"SubType":"ContactCaseReportFiltered","ResponseCacheType":"","IsOmniScriptEmbeddable":false,"IsIntegrationProcedure":false,"CustomJavaScript":"","VersionNumber":6,"DesignerCustomizationType":"","Namespace":"","Type":"docGenerationSample","WebComponentKey":"3485415d-6da4-aa10-daf8-39ecbd8dd686","VlocityRecordSourceKey":"VlocityRecordSourceKey:0jNW20000001JS1MAM","RequiredPermission":"","IsWebCompEnabled":true,"OmniProcessElement":[{"Description":"","IsActive":true,"VlocityDataPackType":"SObject","IsOmniScriptEmbeddable":false,"DesignerCustomizationType":"","Name":"ErrorMessage","ParentElementName":"ErrorHandling","EmbeddedOmniScriptKey":"","Type":"Text Block","ParentElementId":{"VlocityRecordSObjectType":"OmniProcessElement","VlocityDataPackType":"VlocityMatchingKeyObject","VlocityMatchingRecordSourceKey":"VlocityRecordSourceKey:0kEW20000005rwbMAA","OmniProcessId":{"VlocityRecordSObjectType":"OmniProcess","VlocityDataPackType":"VlocityMatchingKeyObject","VlocityMatchingRecordSourceKey":"VlocityRecordSourceKey:0jNW20000001JS1MAM","Name":"ContactCaseReportFiltered"},"Name":"ErrorHandling"},"VlocityRecordSObjectType":"OmniProcessElement","VlocityRecordSourceKey":"VlocityRecordSourceKey:0kEW20000005rwXMAQ","OmniProcessVersionNumber":6,"PropertySetConfig":"{\"controlWidth\":12,\"label\":\"TextBlock1\",\"text\":\"<p>An error was encountered: %errorMessage%</p>\\n<p></p>\\n<p>Please resolve the error and repeat the execution.</p>\",\"show\":null,\"dataJSON\":false,\"HTMLTemplateId\":\"\",\"textKey\":\"\",\"sanitize\":false}","SequenceNumber":1,"OmniProcessId":{"VlocityRecordSObjectType":"OmniProcess","VlocityDataPackType":"VlocityMatchingKeyObject","VlocityMatchingRecordSourceKey":"VlocityRecordSourceKey:0jNW20000001JS1MAM","Name":"ContactCaseReportFiltered"},"Level":1,"Id":"0kEW20000005rwXMAQ","VlocityDataPackIsIncluded":true,"ParentElementType":"Step"},{"Description":"","IsActive":true,"VlocityDataPackType":"SObject","IsOmniScriptEmbeddable":false,"DesignerCustomizationType":"","Name":"ServerSideDocGenerationWithTokenData","ParentElementName":"","EmbeddedOmniScriptKey":"","Type":"Integration Procedure Action","VlocityRecordSObjectType":"OmniProcessElement","ParentElementId":"","VlocityRecordSourceKey":"VlocityRecordSourceKey:0kEW20000005rwYMAQ","OmniProcessVersionNumber":6,"PropertySetConfig":"{\"controlWidth\":12,\"label\":\"ServerSideDocGeneration\",\"integrationProcedureKey\":\"DocumentServiceGateway_DocGenerationWithTokenData\",\"useContinuation\":false,\"remoteOptions\":{\"preTransformBundle\":\"\",\"postTransformBundle\":\"\",\"useFuture\":false,\"chainable\":false},\"remoteTimeout\":30000,\"preTransformBundle\":\"\",\"postTransformBundle\":\"\",\"sendJSONPath\":\"\",\"sendJSONNode\":\"\",\"responseJSONPath\":\"\",\"responseJSONNode\":\"\",\"extraPayload\":{\"objectId\":\"%contextId%\",\"templateId\":\"2dtW20000000JVhIAM\",\"title\":\"%documentTitle%\",\"returnAsPdf\":\"%returnAsPdf%\",\"keepIntermediate\":\"%keepIntermediate%\",\"tokenDataMap\":\"%tokenDataMap%\",\"outputFileFormat\":\"%outputFileFormat%\"},\"inProgressMessage\":\"In Progress\",\"postMessage\":\"Done\",\"failureNextLabel\":\"Continue\",\"failureAbortLabel\":\"Abort\",\"failureGoBackLabel\":\"Go Back\",\"failureAbortMessage\":\"Are you sure?\",\"validationRequired\":\"Step\",\"redirectPageName\":\"\",\"redirectTemplateUrl\":\"vlcAcknowledge.html\",\"redirectNextLabel\":\"Next\",\"redirectNextWidth\":3,\"redirectPreviousLabel\":\"Previous\",\"redirectPreviousWidth\":3,\"showPersistentComponent\":[true,false],\"show\":null,\"HTMLTemplateId\":\"\",\"wpm\":false,\"ssm\":false,\"message\":{},\"pubsub\":false,\"svgSprite\":\"\",\"svgIcon\":\"\",\"errorMessage\":{\"custom\":[],\"default\":null},\"enableDefaultAbort\":false,\"enableActionMessage\":false,\"businessCategory\":\"\",\"businessEvent\":\"\"}","SequenceNumber":5,"OmniProcessId":{"VlocityRecordSObjectType":"OmniProcess","VlocityDataPackType":"VlocityMatchingKeyObject","VlocityMatchingRecordSourceKey":"VlocityRecordSourceKey:0jNW20000001JS1MAM","Name":"ContactCaseReportFiltered"},"Level":0,"Id":"0kEW20000005rwYMAQ","VlocityDataPackIsIncluded":true,"ParentElementType":""},{"Description":"","IsActive":true,"VlocityDataPackType":"SObject","IsOmniScriptEmbeddable":false,"DesignerCustomizationType":"","Name":"ResponseMessage","ParentElementName":"","EmbeddedOmniScriptKey":"","Type":"Step","VlocityRecordSObjectType":"OmniProcessElement","ParentElementId":"","VlocityRecordSourceKey":"VlocityRecordSourceKey:0kEW20000005rwZMAQ","OmniProcessVersionNumber":6,"PropertySetConfig":"{\"label\":\"Response Message\",\"validationRequired\":true,\"previousLabel\":\"Previous\",\"previousWidth\":3,\"nextLabel\":\"Next\",\"nextWidth\":3,\"cancelLabel\":\"Cancel\",\"cancelMessage\":\"Are you sure?\",\"saveLabel\":\"Save for later\",\"saveMessage\":\"Are you sure you want to save it for later?\",\"completeLabel\":\"Complete\",\"completeMessage\":\"Are you sure you want to complete the script?\",\"instruction\":\"\",\"showPersistentComponent\":[true,false],\"remoteClass\":\"\",\"remoteMethod\":\"\",\"remoteTimeout\":30000,\"remoteOptions\":{},\"knowledgeOptions\":{\"language\":\"English\",\"publishStatus\":\"Online\",\"keyword\":\"\",\"dataCategoryCriteria\":\"\",\"remoteTimeout\":30000,\"typeFilter\":\"\"},\"show\":null,\"conditionType\":\"Hide if False\",\"HTMLTemplateId\":\"\",\"instructionKey\":\"\",\"chartLabel\":null,\"allowSaveForLater\":true,\"errorMessage\":{\"custom\":[],\"default\":null},\"wpm\":false,\"ssm\":false,\"message\":{},\"pubsub\":false,\"businessCategory\":\"\",\"businessEvent\":\"\"}","SequenceNumber":7,"OmniProcessId":{"VlocityRecordSObjectType":"OmniProcess","VlocityDataPackType":"VlocityMatchingKeyObject","VlocityMatchingRecordSourceKey":"VlocityRecordSourceKey:0jNW20000001JS1MAM","Name":"ContactCaseReportFiltered"},"Level":0,"Id":"0kEW20000005rwZMAQ","VlocityDataPackIsIncluded":true,"ParentElementType":""},{"Description":"","IsActive":true,"VlocityDataPackType":"SObject","IsOmniScriptEmbeddable":false,"DesignerCustomizationType":"","Name":"SetGenerationServiceInputParams","ParentElementName":"","EmbeddedOmniScriptKey":"","Type":"Set Values","VlocityRecordSObjectType":"OmniProcessElement","ParentElementId":"","VlocityRecordSourceKey":"VlocityRecordSourceKey:0kEW20000005rwaMAA","OmniProcessVersionNumber":6,"PropertySetConfig":"{\"controlWidth\":12,\"label\":\"\",\"elementValueMap\":{\"templateType\":\"MicrosoftWord\",\"documentTitle\":\"Contact Case Report Filtered\",\"objectId\":\"%EnterObject:ObjectId%\",\"outputFileFormat\":\"pdf\",\"tokenDataMap\":\"%TokenDataMap%\",\"attachFileFormat\":\"pdf\",\"downloadFileFormat\":\"pdf\",\"contextId\":\"%EnterObject:ObjectId%\"},\"showPersistentComponent\":[true,false],\"show\":null,\"HTMLTemplateId\":\"\",\"wpm\":false,\"ssm\":false,\"message\":{},\"pubsub\":false}","SequenceNumber":4,"OmniProcessId":{"VlocityRecordSObjectType":"OmniProcess","VlocityDataPackType":"VlocityMatchingKeyObject","VlocityMatchingRecordSourceKey":"VlocityRecordSourceKey:0jNW20000001JS1MAM","Name":"ContactCaseReportFiltered"},"Level":0,"Id":"0kEW20000005rwaMAA","VlocityDataPackIsIncluded":true,"ParentElementType":""},{"Description":"","IsActive":true,"VlocityDataPackType":"SObject","IsOmniScriptEmbeddable":false,"DesignerCustomizationType":"","Name":"ErrorHandling","ParentElementName":"","EmbeddedOmniScriptKey":"","Type":"Step","VlocityRecordSObjectType":"OmniProcessElement","ParentElementId":"","VlocityRecordSourceKey":"VlocityRecordSourceKey:0kEW20000005rwbMAA","OmniProcessVersionNumber":6,"PropertySetConfig":"{\"label\":\"Error\",\"validationRequired\":true,\"previousLabel\":\"Previous\",\"previousWidth\":3,\"nextLabel\":\"Next\",\"nextWidth\":3,\"cancelLabel\":\"Cancel\",\"cancelMessage\":\"Are you sure?\",\"saveLabel\":\"Save for later\",\"saveMessage\":\"Are you sure you want to save it for later?\",\"completeLabel\":\"Complete\",\"completeMessage\":\"Are you sure you want to complete the script?\",\"instruction\":\"\",\"showPersistentComponent\":[true,false],\"remoteClass\":\"\",\"remoteMethod\":\"\",\"remoteTimeout\":30000,\"remoteOptions\":{},\"knowledgeOptions\":{\"language\":\"English\",\"publishStatus\":\"Online\",\"keyword\":\"\",\"dataCategoryCriteria\":\"\",\"remoteTimeout\":30000,\"typeFilter\":\"\"},\"show\":{\"group\":{\"operator\":\"AND\",\"rules\":[{\"data\":\"false\",\"condition\":\"=\",\"field\":\"isSuccessfulTransaction\"}]}},\"conditionType\":\"Hide if False\",\"HTMLTemplateId\":\"\",\"instructionKey\":\"\",\"chartLabel\":null,\"allowSaveForLater\":true,\"errorMessage\":{\"custom\":[],\"default\":null},\"wpm\":false,\"ssm\":false,\"message\":{},\"pubsub\":false,\"businessCategory\":\"\",\"businessEvent\":\"\"}","SequenceNumber":6,"OmniProcessId":{"VlocityRecordSObjectType":"OmniProcess","VlocityDataPackType":"VlocityMatchingKeyObject","VlocityMatchingRecordSourceKey":"VlocityRecordSourceKey:0jNW20000001JS1MAM","Name":"ContactCaseReportFiltered"},"Level":0,"Id":"0kEW20000005rwbMAA","VlocityDataPackIsIncluded":true,"ParentElementType":""},{"Description":"","IsActive":false,"VlocityDataPackType":"SObject","IsOmniScriptEmbeddable":false,"DesignerCustomizationType":"","Name":"IPMessage","ParentElementName":"ResponseMessage","EmbeddedOmniScriptKey":"","Type":"Validation","ParentElementId":{"VlocityRecordSObjectType":"OmniProcessElement","VlocityDataPackType":"VlocityMatchingKeyObject","VlocityMatchingRecordSourceKey":"VlocityRecordSourceKey:0kEW20000005rwZMAQ","OmniProcessId":{"VlocityRecordSObjectType":"OmniProcess","VlocityDataPackType":"VlocityMatchingKeyObject","VlocityMatchingRecordSourceKey":"VlocityRecordSourceKey:0jNW20000001JS1MAM","Name":"ContactCaseReportFiltered"},"Name":"ResponseMessage"},"VlocityRecordSObjectType":"OmniProcessElement","VlocityRecordSourceKey":"VlocityRecordSourceKey:0kEW20000005rwcMAA","OmniProcessVersionNumber":6,"PropertySetConfig":"{\"controlWidth\":12,\"label\":\"IP Message\",\"validateExpression\":null,\"messages\":[{\"value\":true,\"type\":\"Success\",\"text\":\"\",\"active\":true},{\"value\":false,\"type\":\"Requirement\",\"text\":\"\",\"active\":true}],\"hideLabel\":true,\"show\":null,\"HTMLTemplateId\":\"\"}","SequenceNumber":1,"OmniProcessId":{"VlocityRecordSObjectType":"OmniProcess","VlocityDataPackType":"VlocityMatchingKeyObject","VlocityMatchingRecordSourceKey":"VlocityRecordSourceKey:0jNW20000001JS1MAM","Name":"ContactCaseReportFiltered"},"Level":1,"Id":"0kEW20000005rwcMAA","VlocityDataPackIsIncluded":true,"ParentElementType":"Step"},{"Description":"","IsActive":false,"VlocityDataPackType":"SObject","IsOmniScriptEmbeddable":false,"DesignerCustomizationType":"","Name":"TextBlock1","ParentElementName":"ErrorHandling","EmbeddedOmniScriptKey":"","Type":"Text Block","ParentElementId":{"VlocityRecordSObjectType":"OmniProcessElement","VlocityDataPackType":"VlocityMatchingKeyObject","VlocityMatchingRecordSourceKey":"VlocityRecordSourceKey:0kEW20000005rwbMAA","OmniProcessId":{"VlocityRecordSObjectType":"OmniProcess","VlocityDataPackType":"VlocityMatchingKeyObject","VlocityMatchingRecordSourceKey":"VlocityRecordSourceKey:0jNW20000001JS1MAM","Name":"ContactCaseReportFiltered"},"Name":"ErrorHandling"},"VlocityRecordSObjectType":"OmniProcessElement","VlocityRecordSourceKey":"VlocityRecordSourceKey:0kEW20000005rwdMAA","OmniProcessVersionNumber":6,"PropertySetConfig":"{\"controlWidth\":12,\"label\":\"TextBlock1\",\"text\":\"\",\"show\":null, \"dataJSON\":false,\"HTMLTemplateId\":\"\",\"textKey\":\"\",\"sanitize\":false}","SequenceNumber":0,"OmniProcessId":{"VlocityRecordSObjectType":"OmniProcess","VlocityDataPackType":"VlocityMatchingKeyObject","VlocityMatchingRecordSourceKey":"VlocityRecordSourceKey:0jNW20000001JS1MAM","Name":"ContactCaseReportFiltered"},"Level":1,"Id":"0kEW20000005rwdMAA","VlocityDataPackIsIncluded":true,"ParentElementType":"Step"},{"Description":"","IsActive":true,"VlocityDataPackType":"SObject","IsOmniScriptEmbeddable":false,"DesignerCustomizationType":"","Name":"Success","ParentElementName":"ResponseMessage","EmbeddedOmniScriptKey":"","Type":"Text Block","ParentElementId":{"VlocityRecordSObjectType":"OmniProcessElement","VlocityDataPackType":"VlocityMatchingKeyObject","VlocityMatchingRecordSourceKey":"VlocityRecordSourceKey:0kEW20000005rwZMAQ","OmniProcessId":{"VlocityRecordSObjectType":"OmniProcess","VlocityDataPackType":"VlocityMatchingKeyObject","VlocityMatchingRecordSourceKey":"VlocityRecordSourceKey:0jNW20000001JS1MAM","Name":"ContactCaseReportFiltered"},"Name":"ResponseMessage"},"VlocityRecordSObjectType":"OmniProcessElement","VlocityRecordSourceKey":"VlocityRecordSourceKey:0kEW20000005rweMAA","OmniProcessVersionNumber":6,"PropertySetConfig":"{\"controlWidth\":12,\"label\":\"TextBlock2\",\"text\":\"<p>Document Generation Process record was created successfully. The JobID is %jobId%</p>\",\"show\":null,\"dataJSON\":false,\"HTMLTemplateId\":\"\",\"textKey\":\"\",\"sanitize\":false}","SequenceNumber":0,"OmniProcessId":{"VlocityRecordSObjectType":"OmniProcess","VlocityDataPackType":"VlocityMatchingKeyObject","VlocityMatchingRecordSourceKey":"VlocityRecordSourceKey:0jNW20000001JS1MAM","Name":"ContactCaseReportFiltered"},"Level":1,"Id":"0kEW20000005rweMAA","VlocityDataPackIsIncluded":true,"ParentElementType":"Step"},{"Description":"","IsActive":true,"VlocityDataPackType":"SObject","IsOmniScriptEmbeddable":false,"DesignerCustomizationType":"","Name":"EnterObject","ParentElementName":"","EmbeddedOmniScriptKey":"","Type":"Step","VlocityRecordSObjectType":"OmniProcessElement","ParentElementId":"","VlocityRecordSourceKey":"VlocityRecordSourceKey:0kEW20000005rwfMAA","OmniProcessVersionNumber":6,"PropertySetConfig":"{\"label\":\"Enter Object Id\",\"validationRequired\":true,\"previousLabel\":\"Previous\",\"previousWidth\":3,\"nextLabel\":\"Next\",\"nextWidth\":3,\"cancelLabel\":\"Cancel\",\"cancelMessage\":\"Are you sure?\",\"saveLabel\":\"Save for later\",\"saveMessage\":\"Are you sure you want to save it for later?\",\"completeLabel\":\"Complete\",\"completeMessage\":\"Are you sure you want to complete the script?\",\"instruction\":\"\",\"showPersistentComponent\":[true,false],\"remoteClass\":\"\",\"remoteMethod\":\"\",\"remoteTimeout\":30000,\"remoteOptions\":{},\"knowledgeOptions\":{\"language\":\"English\",\"publishStatus\":\"Online\",\"keyword\":\"\",\"dataCategoryCriteria\":\"\",\"remoteTimeout\":30000,\"typeFilter\":\"\"},\"show\":null,\"conditionType\":\"Hide if False\",\"HTMLTemplateId\":\"\",\"instructionKey\":\"\",\"chartLabel\":null,\"allowSaveForLater\":true,\"errorMessage\":{\"custom\":[],\"default\":null},\"wpm\":false,\"ssm\":false,\"message\":{},\"pubsub\":false,\"businessCategory\":\"\",\"businessEvent\":\"\"}","SequenceNumber":0,"OmniProcessId":{"VlocityRecordSObjectType":"OmniProcess","VlocityDataPackType":"VlocityMatchingKeyObject","VlocityMatchingRecordSourceKey":"VlocityRecordSourceKey:0jNW20000001JS1MAM","Name":"ContactCaseReportFiltered"},"Level":0,"Id":"0kEW20000005rwfMAA","VlocityDataPackIsIncluded":true,"ParentElementType":""},{"Description":"","IsActive":true,"VlocityDataPackType":"SObject","IsOmniScriptEmbeddable":false,"DesignerCustomizationType":"","Name":"ObjectId","ParentElementName":"EnterObject","EmbeddedOmniScriptKey":"","Type":"Text","ParentElementId":{"VlocityRecordSObjectType":"OmniProcessElement","VlocityDataPackType":"VlocityMatchingKeyObject","VlocityMatchingRecordSourceKey":"VlocityRecordSourceKey:0kEW20000005rwfMAA","OmniProcessId":{"VlocityRecordSObjectType":"OmniProcess","VlocityDataPackType":"VlocityMatchingKeyObject","VlocityMatchingRecordSourceKey":"VlocityRecordSourceKey:0jNW20000001JS1MAM","Name":"ContactCaseReportFiltered"},"Name":"EnterObject"},"VlocityRecordSObjectType":"OmniProcessElement","VlocityRecordSourceKey":"VlocityRecordSourceKey:0kEW20000005rwgMAA","OmniProcessVersionNumber":6,"PropertySetConfig":"{\"controlWidth\":12,\"label\":\"ObjectId\",\"showInputWidth\":false,\"inputWidth\":12,\"required\":true,\"repeat\":false,\"repeatClone\":false,\"repeatLimit\":null,\"readOnly\":false,\"defaultValue\":null,\"help\":false,\"helpText\":\"\",\"mask\":\"\",\"pattern\":\"\",\"ptrnErrText\":\"\",\"minLength\":0,\"maxLength\":255,\"placeholder\":\"\",\"show\":null,\"conditionType\":\"Hide if False\",\"accessibleInFutureSteps\":false,\"debounceValue\":0,\"HTMLTemplateId\":\"\",\"hide\":false,\"disOnTplt\":false}","SequenceNumber":0,"OmniProcessId":{"VlocityRecordSObjectType":"OmniProcess","VlocityDataPackType":"VlocityMatchingKeyObject","VlocityMatchingRecordSourceKey":"VlocityRecordSourceKey:0jNW20000001JS1MAM","Name":"ContactCaseReportFiltered"},"Level":1,"Id":"0kEW20000005rwgMAA","VlocityDataPackIsIncluded":true,"ParentElementType":"Step"},{"Description":"","IsActive":true,"VlocityDataPackType":"SObject","IsOmniScriptEmbeddable":false,"DesignerCustomizationType":"","Name":"DRGetContactCasesByCaseOrigin","ParentElementName":"","EmbeddedOmniScriptKey":"","Type":"DataRaptor Extract Action","VlocityRecordSObjectType":"OmniProcessElement","ParentElementId":"","VlocityRecordSourceKey":"VlocityRecordSourceKey:0kEW20000005rwhMAA","OmniProcessVersionNumber":6,"PropertySetConfig":"{\"controlWidth\":12,\"label\":\"DRGetContactCasesByCaseOrigin\",\"bundle\":\"DRGetContactCasesByCaseOrigin\",\"ignoreCache\":false,\"dataRaptor Input Parameters\":[{\"element\":\"ObjectId\",\"inputParam\":\"Id\"},{\"element\":\"selectedCaseOriginRows\",\"inputParam\":\"selectedCaseOriginRows\"}],\"remoteTimeout\":30000,\"responseJSONPath\":\"\",\"responseJSONNode\":\"TokenDataMap\",\"inProgressMessage\":\"In Progress\",\"postMessage\":\"Done\",\"failureNextLabel\":\"Continue\",\"failureAbortLabel\":\"Abort\",\"failureGoBackLabel\":\"Go Back\",\"failureAbortMessage\":\"Are you sure?\",\"validationRequired\":\"Step\",\"redirectPageName\":\"\",\"redirectTemplateUrl\":\"vlcAcknowledge.html\",\"redirectNextLabel\":\"Next\",\"redirectNextWidth\":3,\"redirectPreviousLabel\":\"Previous\",\"redirectPreviousWidth\":3,\"showPersistentComponent\":[true,false],\"show\":null,\"HTMLTemplateId\":\"\",\"wpm\":false,\"ssm\":false,\"message\":{},\"pubsub\":false,\"errorMessage\":{\"custom\":[],\"default\":null},\"enableDefaultAbort\":false,\"enableActionMessage\":false,\"businessCategory\":\"\",\"businessEvent\":\"\"}","SequenceNumber":3,"OmniProcessId":{"VlocityRecordSObjectType":"OmniProcess","VlocityDataPackType":"VlocityMatchingKeyObject","VlocityMatchingRecordSourceKey":"VlocityRecordSourceKey:0jNW20000001JS1MAM","Name":"ContactCaseReportFiltered"},"Level":0,"Id":"0kEW20000005rwhMAA","VlocityDataPackIsIncluded":true,"ParentElementType":""},{"Description":"","IsActive":true,"VlocityDataPackType":"SObject","IsOmniScriptEmbeddable":false,"DesignerCustomizationType":"","Name":"Step1","ParentElementName":"","EmbeddedOmniScriptKey":"","Type":"Step","VlocityRecordSObjectType":"OmniProcessElement","ParentElementId":"","VlocityRecordSourceKey":"VlocityRecordSourceKey:0kEW20000005rwiMAA","OmniProcessVersionNumber":6,"PropertySetConfig":"{\"label\":\"Step1\",\"validationRequired\":true,\"previousLabel\":\"Previous\",\"previousWidth\":3,\"nextLabel\":\"Next\",\"nextWidth\":3,\"cancelLabel\":\"Cancel\",\"cancelMessage\":\"Are you sure?\",\"saveLabel\":\"Save for later\",\"saveMessage\":\"Are you sure you want to save it for later?\",\"completeLabel\":\"Complete\",\"completeMessage\":\"Are you sure you want to complete the script?\",\"instruction\":\"\",\"showPersistentComponent\":[true, false],\"remoteClass\":\"\",\"remoteMethod\":\"\",\"remoteTimeout\":30000,\"remoteOptions\":{},\"knowledgeOptions\":{\"language\":\"English\",\"publishStatus\":\"Online\", \"keyword\":\"\",\"dataCategoryCriteria\":\"\",\"remoteTimeout\":30000,\"typeFilter\":\"\"},\"show\":null,\"conditionType\":\"Hide if False\",\"HTMLTemplateId\":\"\",\"instructionKey\":\"\",\"chartLabel\":null,\"allowSaveForLater\":true,\"errorMessage\":{\"custom\":[],\"default\":null},\"wpm\":false,\"ssm\":false,\"message\":{},\"pubsub\":false,\"businessCategory\":\"\",\"businessEvent\":\"\"}","SequenceNumber":2,"OmniProcessId":{"VlocityRecordSObjectType":"OmniProcess","VlocityDataPackType":"VlocityMatchingKeyObject","VlocityMatchingRecordSourceKey":"VlocityRecordSourceKey:0jNW20000001JS1MAM","Name":"ContactCaseReportFiltered"},"Level":0,"Id":"0kEW20000005rwiMAA","VlocityDataPackIsIncluded":true,"ParentElementType":""},{"Description":"","IsActive":true,"VlocityDataPackType":"SObject","IsOmniScriptEmbeddable":false,"DesignerCustomizationType":"","Name":"datatableSelectableCaseOrigin","ParentElementName":"Step1","EmbeddedOmniScriptKey":"","Type":"Custom Lightning Web Component","ParentElementId":{"VlocityRecordSObjectType":"OmniProcessElement","VlocityDataPackType":"VlocityMatchingKeyObject","VlocityMatchingRecordSourceKey":"VlocityRecordSourceKey:0kEW20000005rwiMAA","OmniProcessId":{"VlocityRecordSObjectType":"OmniProcess","VlocityDataPackType":"VlocityMatchingKeyObject","VlocityMatchingRecordSourceKey":"VlocityRecordSourceKey:0jNW20000001JS1MAM","Name":"ContactCaseReportFiltered"},"Name":"Step1"},"VlocityRecordSObjectType":"OmniProcessElement","VlocityRecordSourceKey":"VlocityRecordSourceKey:0kEW20000005rwjMAA","OmniProcessVersionNumber":6,"PropertySetConfig":"{\"controlWidth\":12,\"label\":\"datatableSelectableCaseOrigin\",\"show\":null,\"conditionType\":\"Hide if False\",\"hide\":false,\"lwcName\":\"datatableSelectableCaseOrigin\",\"bStandalone\":true,\"customAttributes\":[{\"name\":\"records\",\"source\":\"%CaseOriginList%\"}]}","SequenceNumber":1,"OmniProcessId":{"VlocityRecordSObjectType":"OmniProcess","VlocityDataPackType":"VlocityMatchingKeyObject","VlocityMatchingRecordSourceKey":"VlocityRecordSourceKey:0jNW20000001JS1MAM","Name":"ContactCaseReportFiltered"},"Level":1,"Id":"0kEW20000005rwjMAA","VlocityDataPackIsIncluded":true,"ParentElementType":"Step"},{"Description":"","IsActive":true,"VlocityDataPackType":"SObject","IsOmniScriptEmbeddable":false,"DesignerCustomizationType":"","Name":"DocGen_GetCaseOrigin","ParentElementName":"","EmbeddedOmniScriptKey":"","Type":"Integration Procedure Action","VlocityRecordSObjectType":"OmniProcessElement","ParentElementId":"","VlocityRecordSourceKey":"VlocityRecordSourceKey:0kEW20000005rwkMAA","OmniProcessVersionNumber":6,"PropertySetConfig":"{\"controlWidth\":12,\"label\":\"DocGen_GetCaseOrigin\",\"integrationProcedureKey\":\"DocGen_GetCaseOrigin\",\"useContinuation\":false,\"remoteOptions\":{\"useFuture\":false,\"chainable\":false,\"preTransformBundle\":\"\",\"postTransformBundle\":\"\"},\"remoteTimeout\":30000,\"preTransformBundle\":\"\",\"postTransformBundle\":\"\",\"sendJSONPath\":\"\",\"sendJSONNode\":\"\",\"responseJSONPath\":\"CaseOriginList\",\"responseJSONNode\":\"\",\"extraPayload\":{\"Id\":\"%ObjectId%\"},\"inProgressMessage\":\"In Progress\",\"postMessage\":\"Done\",\"failureNextLabel\":\"Continue\",\"failureAbortLabel\":\"Abort\",\"failureGoBackLabel\":\"Go Back\",\"failureAbortMessage\":\"Are you sure?\",\"validationRequired\":\"Step\",\"redirectPageName\":\"\",\"redirectTemplateUrl\":\"vlcAcknowledge.html\",\"redirectNextLabel\":\"Next\",\"redirectNextWidth\":3,\"redirectPreviousLabel\":\"Previous\",\"redirectPreviousWidth\":3,\"showPersistentComponent\":[true,false],\"show\":null,\"HTMLTemplateId\":\"\",\"wpm\":false,\"ssm\":false,\"message\":{},\"pubsub\":false,\"svgSprite\":\"\",\"svgIcon\":\"\",\"errorMessage\":{\"custom\":[],\"default\":null},\"enableDefaultAbort\":false,\"enableActionMessage\":false,\"businessCategory\":\"\",\"businessEvent\":\"\",\"sendOnlyExtraPayload\":true}","SequenceNumber":1,"OmniProcessId":{"VlocityRecordSObjectType":"OmniProcess","VlocityDataPackType":"VlocityMatchingKeyObject","VlocityMatchingRecordSourceKey":"VlocityRecordSourceKey:0jNW20000001JS1MAM","Name":"ContactCaseReportFiltered"},"Level":0,"Id":"0kEW20000005rwkMAA","VlocityDataPackIsIncluded":true,"ParentElementType":""},{"Description":"","IsActive":true,"VlocityDataPackType":"SObject","IsOmniScriptEmbeddable":false,"DesignerCustomizationType":"","Name":"TextBlock2","ParentElementName":"Step1","EmbeddedOmniScriptKey":"","Type":"Text Block","ParentElementId":{"VlocityRecordSObjectType":"OmniProcessElement","VlocityDataPackType":"VlocityMatchingKeyObject","VlocityMatchingRecordSourceKey":"VlocityRecordSourceKey:0kEW20000005rwiMAA","OmniProcessId":{"VlocityRecordSObjectType":"OmniProcess","VlocityDataPackType":"VlocityMatchingKeyObject","VlocityMatchingRecordSourceKey":"VlocityRecordSourceKey:0jNW20000001JS1MAM","Name":"ContactCaseReportFiltered"},"Name":"Step1"},"VlocityRecordSObjectType":"OmniProcessElement","VlocityRecordSourceKey":"VlocityRecordSourceKey:0kEW20000005rwlMAA","OmniProcessVersionNumber":6,"PropertySetConfig":"{\"controlWidth\":12,\"label\":\"TextBlock2\",\"text\":\"<p>Select case origin:</p>\",\"show\":null,\"dataJSON\":false,\"HTMLTemplateId\":\"\",\"textKey\":\"\",\"sanitize\":false}","SequenceNumber":0,"OmniProcessId":{"VlocityRecordSObjectType":"OmniProcess","VlocityDataPackType":"VlocityMatchingKeyObject","VlocityMatchingRecordSourceKey":"VlocityRecordSourceKey:0jNW20000001JS1MAM","Name":"ContactCaseReportFiltered"},"Level":1,"Id":"0kEW20000005rwlMAA","VlocityDataPackIsIncluded":true,"ParentElementType":"Step"},{"Description":"","IsActive":true,"VlocityDataPackType":"SObject","IsOmniScriptEmbeddable":false,"DesignerCustomizationType":"","Name":"Formula1","ParentElementName":"Step1","EmbeddedOmniScriptKey":"","Type":"Formula","ParentElementId":{"VlocityRecordSObjectType":"OmniProcessElement","VlocityDataPackType":"VlocityMatchingKeyObject","VlocityMatchingRecordSourceKey":"VlocityRecordSourceKey:0kEW20000005rwiMAA","OmniProcessId":{"VlocityRecordSObjectType":"OmniProcess","VlocityDataPackType":"VlocityMatchingKeyObject","VlocityMatchingRecordSourceKey":"VlocityRecordSourceKey:0jNW20000001JS1MAM","Name":"ContactCaseReportFiltered"},"Name":"Step1"},"VlocityRecordSObjectType":"OmniProcessElement","VlocityRecordSourceKey":"VlocityRecordSourceKey:0kEW20000005rwmMAA","OmniProcessVersionNumber":6,"PropertySetConfig":"{\"controlWidth\":12,\"label\":\"Formula1\",\"showInputWidth\":false,\"inputWidth\":12,\"expression\":\"IF(COUNT(%selectedCaseOriginRows%)>0,true,false)\",\"hide\":true,\"show\":null,\"mask\":null,\"dataType\":null,\"hideGroupSep\":false,\"dateFormat\":\"MM-dd-yyyy\",\"HTMLTemplateId\":\"\",\"disOnTplt\":false}","SequenceNumber":2,"OmniProcessId":{"VlocityRecordSObjectType":"OmniProcess","VlocityDataPackType":"VlocityMatchingKeyObject","VlocityMatchingRecordSourceKey":"VlocityRecordSourceKey:0jNW20000001JS1MAM","Name":"ContactCaseReportFiltered"},"Level":1,"Id":"0kEW20000005rwmMAA","VlocityDataPackIsIncluded":true,"ParentElementType":"Step"},{"Description":"","IsActive":true,"VlocityDataPackType":"SObject","IsOmniScriptEmbeddable":false,"DesignerCustomizationType":"","Name":"Messaging1","ParentElementName":"Step1","EmbeddedOmniScriptKey":"","Type":"Validation","ParentElementId":{"VlocityRecordSObjectType":"OmniProcessElement","VlocityDataPackType":"VlocityMatchingKeyObject","VlocityMatchingRecordSourceKey":"VlocityRecordSourceKey:0kEW20000005rwiMAA","OmniProcessId":{"VlocityRecordSObjectType":"OmniProcess","VlocityDataPackType":"VlocityMatchingKeyObject","VlocityMatchingRecordSourceKey":"VlocityRecordSourceKey:0jNW20000001JS1MAM","Name":"ContactCaseReportFiltered"},"Name":"Step1"},"VlocityRecordSObjectType":"OmniProcessElement","VlocityRecordSourceKey":"VlocityRecordSourceKey:0kEW20000005rwnMAA","OmniProcessVersionNumber":6,"PropertySetConfig":"{\"controlWidth\":12,\"label\":\"Messaging1\",\"validateExpression\":{\"group\":{\"operator\":\"AND\",\"rules\":[{\"data\":\"true\",\"condition\":\"=\",\"field\":\"Formula1\"}]}},\"messages\":[{\"value\":true,\"type\":\"Success\",\"text\":\"\",\"active\":false},{\"value\":false,\"type\":\"Requirement\",\"text\":\"At least one case origin must be selected\",\"active\":true}],\"hideLabel\":true,\"show\":{\"group\":{\"operator\":\"AND\",\"rules\":[{\"data\":\"true\",\"condition\":\"<>\",\"field\":\"Formula1\"}]}},\"HTMLTemplateId\":\"\"}","SequenceNumber":3,"OmniProcessId":{"VlocityRecordSObjectType":"OmniProcess","VlocityDataPackType":"VlocityMatchingKeyObject","VlocityMatchingRecordSourceKey":"VlocityRecordSourceKey:0jNW20000001JS1MAM","Name":"ContactCaseReportFiltered"},"Level":1,"Id":"0kEW20000005rwnMAA","VlocityDataPackIsIncluded":true,"ParentElementType":"Step"}],"Id":"0jNW20000001JS1MAM","UniqueName":"","CustomHtmlTemplates":""}]},"VlocityDataPackAllRelationships":{"f18498b5c697ed38d01e960e415f12ae":"Reference by Name","8cb6fb37d087e7529c278df35682d334":"Reference by Name","82fa521b1fcd850dfbbc06840a30b4db":"Reference by Name"},"DataPackAttachmentSize":32270,"DataPackAttachmentParentId":"0ncW20000001LNNIA2","DataPackAttachmentId":"00PW2000000CO9pMAG","ActivationStatus":"Ready"},{"VlocityPrimarySourceId":"0jIW20000000umzMAA","VlocityPreviousPageKey":null,"VlocityMultiPackParentKey":null,"VlocityDepthFromPrimary":0,"VlocityDataPackType":"DataRaptor","VlocityDataPackStatus":"Success","VlocityDataPackRelationshipType":"Sibling","VlocityDataPackRecords":[],"VlocityDataPackParents":[],"VlocityDataPackName":"DRGetContactCasesByCaseOrigin","VlocityDataPackMessage":null,"VlocityDataPackLabel":"DataRaptor","VlocityDataPackKey":"f18498b5c697ed38d01e960e415f12ae","VlocityDataPackIsNotSupported":false,"VlocityDataPackIsIncluded":true,"VlocityDataPackData":{"OmniDataTransform":[{"SourceObject":"json","ExpectedInputOtherData":"","ExpectedOutputJson":"","Description":"","ExpectedOutputXml":"","IsDeletedOnSuccess":false,"IsProcessSuperBulk":false,"OverrideKey":"","VlocityDataPackType":"SObject","PreviewOtherData":"","SynchronousProcessThreshold":"","TargetOutputDocumentIdentifier":"","GlobalKey":"","Name":"DRGetContactCasesByCaseOrigin","IsAssignmentRulesUsed":false,"VlocityRecordSObjectType":"OmniDataTransform","IsXmlDeclarationRemoved":false,"XmlOutputTagsOrder":"","IsSourceObjectDefault":false,"InputParsingClass":"","ExpectedOutputOtherData":"","OmniDataTransformItem":[{"MigrationPattern":"","InputObjectQuerySequence":2,"FormulaResultPath":"","VlocityDataPackType":"SObject","FormulaSequence":"","LinkedFieldName":"","IsDisabled":false,"MigrationCategory":"","MigrationType":"","OutputFieldName":"Case","MigrationValue":"","FilterGroup":0,"LinkedObjectSequence":"","GlobalKey":"DRGetContactCasesByCaseOriginCustom0jIW20000000umzMAAItem0","Name":"DRGetContactCasesByCaseOrigin","OutputCreationSequence":0,"DefaultValue":"","VlocityRecordSObjectType":"OmniDataTransformItem","LookupReturnedFieldName":"","IsRequiredForUpsert":false,"MigrationProcess":"","FilterDataType":"","VlocityDataPackIsIncluded":true,"InputObjectName":"Case","FormulaExpression":"","OmniDataTransformationId":{"VlocityRecordSObjectType":"OmniDataTransform","VlocityDataPackType":"VlocityMatchingKeyObject","VlocityMatchingRecordSourceKey":"VlocityRecordSourceKey:0jIW20000000umzMAA","Name":"DRGetContactCasesByCaseOrigin"},"LookupObjectName":"","MigrationAttribute":"","MigrationGroup":"","FilterValue":"Id","FilterOperator":"=","InputFieldName":"ContactId","MigrationKey":"","VlocityRecordSourceKey":"VlocityRecordSourceKey:0kdW20000003XCLIA2","IsUpsertKey":false,"LookupByFieldName":"","OutputFieldFormat":"","TransformValueMappings":"","Id":"0kdW20000003XCLIA2","OutputObjectName":"json"},{"MigrationPattern":"","InputObjectQuerySequence":2,"FormulaResultPath":"","VlocityDataPackType":"SObject","FormulaSequence":"","LinkedFieldName":"","IsDisabled":false,"MigrationCategory":"","MigrationType":"","OutputFieldName":"Case","MigrationValue":"","FilterGroup":0,"LinkedObjectSequence":"","GlobalKey":"DRGetContactCasesByCaseOriginCustom0jIW20000000umzMAAItem2","Name":"DRGetContactCasesByCaseOrigin","OutputCreationSequence":0,"DefaultValue":"","VlocityRecordSObjectType":"OmniDataTransformItem","LookupReturnedFieldName":"","IsRequiredForUpsert":false,"MigrationProcess":"","FilterDataType":"","VlocityDataPackIsIncluded":true,"InputObjectName":"Case","FormulaExpression":"","OmniDataTransformationId":{"VlocityRecordSObjectType":"OmniDataTransform","VlocityDataPackType":"VlocityMatchingKeyObject","VlocityMatchingRecordSourceKey":"VlocityRecordSourceKey:0jIW20000000umzMAA","Name":"DRGetContactCasesByCaseOrigin"},"LookupObjectName":"","MigrationAttribute":"","MigrationGroup":"","FilterValue":"selectedCaseOriginRows:Origin","FilterOperator":"=","InputFieldName":"Origin","MigrationKey":"","VlocityRecordSourceKey":"VlocityRecordSourceKey:0kdW20000003XCNIA2","IsUpsertKey":false,"LookupByFieldName":"","OutputFieldFormat":"","TransformValueMappings":"","Id":"0kdW20000003XCNIA2","OutputObjectName":"json"},{"MigrationPattern":"","InputObjectQuerySequence":"","FormulaResultPath":"NumberOfCases","VlocityDataPackType":"SObject","FormulaSequence":1,"LinkedFieldName":"","IsDisabled":false,"MigrationCategory":"","MigrationType":"","OutputFieldName":"Formula","MigrationValue":"","FilterGroup":"","LinkedObjectSequence":"","GlobalKey":"DRGetContactCasesByCaseOriginCustom0jIW20000000umzMAAItem3","Name":"DRGetContactCasesByCaseOrigin","OutputCreationSequence":0,"DefaultValue":"","VlocityRecordSObjectType":"OmniDataTransformItem","LookupReturnedFieldName":"","IsRequiredForUpsert":false,"MigrationProcess":"","FilterDataType":"","VlocityDataPackIsIncluded":true,"InputObjectName":"","FormulaExpression":"LISTSIZE(Case)","OmniDataTransformationId":{"VlocityRecordSObjectType":"OmniDataTransform","VlocityDataPackType":"VlocityMatchingKeyObject","VlocityMatchingRecordSourceKey":"VlocityRecordSourceKey:0jIW20000000umzMAA","Name":"DRGetContactCasesByCaseOrigin"},"LookupObjectName":"","MigrationAttribute":"","MigrationGroup":"","FilterValue":"","FilterOperator":"","MigrationKey":"","InputFieldName":"","VlocityRecordSourceKey":"VlocityRecordSourceKey:0kdW20000003XCOIA2","IsUpsertKey":false,"LookupByFieldName":"","OutputFieldFormat":"","TransformValueMappings":"","Id":"0kdW20000003XCOIA2","OutputObjectName":"Formula"},{"MigrationPattern":"","InputObjectQuerySequence":1,"FormulaResultPath":"","VlocityDataPackType":"SObject","FormulaSequence":"","LinkedFieldName":"","IsDisabled":false,"MigrationCategory":"","MigrationType":"","OutputFieldName":"Contact","MigrationValue":"","FilterGroup":0,"LinkedObjectSequence":"","GlobalKey":"DRGetContactCasesByCaseOriginCustom0jIW20000000umzMAAItem4","Name":"DRGetContactCasesByCaseOrigin","OutputCreationSequence":0,"DefaultValue":"","VlocityRecordSObjectType":"OmniDataTransformItem","LookupReturnedFieldName":"","IsRequiredForUpsert":false,"MigrationProcess":"","FilterDataType":"","VlocityDataPackIsIncluded":true,"InputObjectName":"Contact","FormulaExpression":"","OmniDataTransformationId":{"VlocityRecordSObjectType":"OmniDataTransform","VlocityDataPackType":"VlocityMatchingKeyObject","VlocityMatchingRecordSourceKey":"VlocityRecordSourceKey:0jIW20000000umzMAA","Name":"DRGetContactCasesByCaseOrigin"},"LookupObjectName":"","MigrationAttribute":"","MigrationGroup":"","FilterValue":"Id","FilterOperator":"=","InputFieldName":"Id","MigrationKey":"","VlocityRecordSourceKey":"VlocityRecordSourceKey:0kdW20000003XCPIA2","IsUpsertKey":false,"LookupByFieldName":"","OutputFieldFormat":"","TransformValueMappings":"","Id":"0kdW20000003XCPIA2","OutputObjectName":"json"},{"MigrationPattern":"","InputObjectQuerySequence":"","FormulaResultPath":"","VlocityDataPackType":"SObject","FormulaSequence":"","LinkedFieldName":"","IsDisabled":false,"MigrationCategory":"","MigrationType":"","OutputFieldName":"Case:CaseNumber","MigrationValue":"","FilterGroup":"","LinkedObjectSequence":"","GlobalKey":"DRGetContactCasesByCaseOriginCustom0jIW20000000umzMAAItem5","Name":"DRGetContactCasesByCaseOrigin","OutputCreationSequence":1,"DefaultValue":"","VlocityRecordSObjectType":"OmniDataTransformItem","LookupReturnedFieldName":"","IsRequiredForUpsert":false,"MigrationProcess":"","FilterDataType":"","VlocityDataPackIsIncluded":true,"InputObjectName":"","FormulaExpression":"","OmniDataTransformationId":{"VlocityRecordSObjectType":"OmniDataTransform","VlocityDataPackType":"VlocityMatchingKeyObject","VlocityMatchingRecordSourceKey":"VlocityRecordSourceKey:0jIW20000000umzMAA","Name":"DRGetContactCasesByCaseOrigin"},"LookupObjectName":"","MigrationAttribute":"","MigrationGroup":"","FilterValue":"","FilterOperator":"","InputFieldName":"Case:CaseNumber","MigrationKey":"","VlocityRecordSourceKey":"VlocityRecordSourceKey:0kdW20000003XCQIA2","IsUpsertKey":false,"LookupByFieldName":"","OutputFieldFormat":"","TransformValueMappings":"","Id":"0kdW20000003XCQIA2","OutputObjectName":"json"},{"MigrationPattern":"","InputObjectQuerySequence":"","FormulaResultPath":"","VlocityDataPackType":"SObject","FormulaSequence":"","LinkedFieldName":"","IsDisabled":false,"MigrationCategory":"","MigrationType":"","OutputFieldName":"Case:CreatedDate","MigrationValue":"","FilterGroup":"","LinkedObjectSequence":"","GlobalKey":"DRGetContactCasesByCaseOriginCustom0jIW20000000umzMAAItem6","Name":"DRGetContactCasesByCaseOrigin","OutputCreationSequence":1,"DefaultValue":"","VlocityRecordSObjectType":"OmniDataTransformItem","LookupReturnedFieldName":"","IsRequiredForUpsert":false,"MigrationProcess":"","FilterDataType":"","VlocityDataPackIsIncluded":true,"InputObjectName":"","FormulaExpression":"","OmniDataTransformationId":{"VlocityRecordSObjectType":"OmniDataTransform","VlocityDataPackType":"VlocityMatchingKeyObject","VlocityMatchingRecordSourceKey":"VlocityRecordSourceKey:0jIW20000000umzMAA","Name":"DRGetContactCasesByCaseOrigin"},"LookupObjectName":"","MigrationAttribute":"","MigrationGroup":"","FilterValue":"","FilterOperator":"","InputFieldName":"Case:CreatedDate","MigrationKey":"","VlocityRecordSourceKey":"VlocityRecordSourceKey:0kdW20000003XCRIA2","IsUpsertKey":false,"OutputFieldFormat":"Date(dd/MM/yyyy)","LookupByFieldName":"","TransformValueMappings":"","Id":"0kdW20000003XCRIA2","OutputObjectName":"json"},{"MigrationPattern":"","InputObjectQuerySequence":"","FormulaResultPath":"","VlocityDataPackType":"SObject","FormulaSequence":"","LinkedFieldName":"","IsDisabled":false,"MigrationCategory":"","MigrationType":"","OutputFieldName":"Case:Status","MigrationValue":"","FilterGroup":"","LinkedObjectSequence":"","GlobalKey":"DRGetContactCasesByCaseOriginCustom0jIW20000000umzMAAItem7","Name":"DRGetContactCasesByCaseOrigin","OutputCreationSequence":1,"DefaultValue":"","VlocityRecordSObjectType":"OmniDataTransformItem","LookupReturnedFieldName":"","IsRequiredForUpsert":false,"MigrationProcess":"","FilterDataType":"","VlocityDataPackIsIncluded":true,"InputObjectName":"","FormulaExpression":"","OmniDataTransformationId":{"VlocityRecordSObjectType":"OmniDataTransform","VlocityDataPackType":"VlocityMatchingKeyObject","VlocityMatchingRecordSourceKey":"VlocityRecordSourceKey:0jIW20000000umzMAA","Name":"DRGetContactCasesByCaseOrigin"},"LookupObjectName":"","MigrationAttribute":"","MigrationGroup":"","FilterValue":"","FilterOperator":"","InputFieldName":"Case:Status","MigrationKey":"","VlocityRecordSourceKey":"VlocityRecordSourceKey:0kdW20000003XCSIA2","IsUpsertKey":false,"LookupByFieldName":"","OutputFieldFormat":"","TransformValueMappings":"","Id":"0kdW20000003XCSIA2","OutputObjectName":"json"},{"MigrationPattern":"","InputObjectQuerySequence":"","FormulaResultPath":"","VlocityDataPackType":"SObject","FormulaSequence":"","LinkedFieldName":"","IsDisabled":false,"MigrationCategory":"","MigrationType":"","OutputFieldName":"Case:Subject","MigrationValue":"","FilterGroup":"","LinkedObjectSequence":"","GlobalKey":"DRGetContactCasesByCaseOriginCustom0jIW20000000umzMAAItem8","Name":"DRGetContactCasesByCaseOrigin","OutputCreationSequence":1,"DefaultValue":"","VlocityRecordSObjectType":"OmniDataTransformItem","LookupReturnedFieldName":"","IsRequiredForUpsert":false,"MigrationProcess":"","FilterDataType":"","VlocityDataPackIsIncluded":true,"InputObjectName":"","FormulaExpression":"","OmniDataTransformationId":{"VlocityRecordSObjectType":"OmniDataTransform","VlocityDataPackType":"VlocityMatchingKeyObject","VlocityMatchingRecordSourceKey":"VlocityRecordSourceKey:0jIW20000000umzMAA","Name":"DRGetContactCasesByCaseOrigin"},"LookupObjectName":"","MigrationAttribute":"","MigrationGroup":"","FilterValue":"","FilterOperator":"","InputFieldName":"Case:Subject","MigrationKey":"","VlocityRecordSourceKey":"VlocityRecordSourceKey:0kdW20000003XCTIA2","IsUpsertKey":false,"LookupByFieldName":"","OutputFieldFormat":"","TransformValueMappings":"","Id":"0kdW20000003XCTIA2","OutputObjectName":"json"},{"MigrationPattern":"","InputObjectQuerySequence":"","FormulaResultPath":"","VlocityDataPackType":"SObject","FormulaSequence":"","LinkedFieldName":"","IsDisabled":false,"MigrationCategory":"","MigrationType":"","OutputFieldName":"Case:Description","MigrationValue":"","FilterGroup":"","LinkedObjectSequence":"","GlobalKey":"DRGetContactCasesByCaseOriginCustom0jIW20000000umzMAAItem9","Name":"DRGetContactCasesByCaseOrigin","OutputCreationSequence":1,"DefaultValue":"","VlocityRecordSObjectType":"OmniDataTransformItem","LookupReturnedFieldName":"","IsRequiredForUpsert":false,"MigrationProcess":"","FilterDataType":"","VlocityDataPackIsIncluded":true,"InputObjectName":"","FormulaExpression":"","OmniDataTransformationId":{"VlocityRecordSObjectType":"OmniDataTransform","VlocityDataPackType":"VlocityMatchingKeyObject","VlocityMatchingRecordSourceKey":"VlocityRecordSourceKey:0jIW20000000umzMAA","Name":"DRGetContactCasesByCaseOrigin"},"LookupObjectName":"","MigrationAttribute":"","MigrationGroup":"","FilterValue":"","FilterOperator":"","InputFieldName":"Case:Description","MigrationKey":"","VlocityRecordSourceKey":"VlocityRecordSourceKey:0kdW20000003XCUIA2","IsUpsertKey":false,"LookupByFieldName":"","OutputFieldFormat":"","TransformValueMappings":"","Id":"0kdW20000003XCUIA2","OutputObjectName":"json"},{"MigrationPattern":"","InputObjectQuerySequence":"","FormulaResultPath":"","VlocityDataPackType":"SObject","FormulaSequence":"","LinkedFieldName":"","IsDisabled":false,"MigrationCategory":"","MigrationType":"","OutputFieldName":"Case:Priority","MigrationValue":"","FilterGroup":"","LinkedObjectSequence":"","GlobalKey":"DRGetContactCasesByCaseOriginCustom0jIW20000000umzMAAItem10","Name":"DRGetContactCasesByCaseOrigin","OutputCreationSequence":1,"DefaultValue":"","VlocityRecordSObjectType":"OmniDataTransformItem","LookupReturnedFieldName":"","IsRequiredForUpsert":false,"MigrationProcess":"","FilterDataType":"","VlocityDataPackIsIncluded":true,"InputObjectName":"","FormulaExpression":"","OmniDataTransformationId":{"VlocityRecordSObjectType":"OmniDataTransform","VlocityDataPackType":"VlocityMatchingKeyObject","VlocityMatchingRecordSourceKey":"VlocityRecordSourceKey:0jIW20000000umzMAA","Name":"DRGetContactCasesByCaseOrigin"},"LookupObjectName":"","MigrationAttribute":"","MigrationGroup":"","FilterValue":"","FilterOperator":"","InputFieldName":"Case:Priority","MigrationKey":"","VlocityRecordSourceKey":"VlocityRecordSourceKey:0kdW20000003XCVIA2","IsUpsertKey":false,"LookupByFieldName":"","OutputFieldFormat":"","TransformValueMappings":"","Id":"0kdW20000003XCVIA2","OutputObjectName":"json"},{"MigrationPattern":"","InputObjectQuerySequence":"","FormulaResultPath":"","VlocityDataPackType":"SObject","FormulaSequence":"","LinkedFieldName":"","IsDisabled":false,"MigrationCategory":"","MigrationType":"","OutputFieldName":"NumberOfCases","MigrationValue":"","FilterGroup":"","LinkedObjectSequence":"","GlobalKey":"DRGetContactCasesByCaseOriginCustom0jIW20000000umzMAAItem11","Name":"DRGetContactCasesByCaseOrigin","OutputCreationSequence":1,"DefaultValue":"","VlocityRecordSObjectType":"OmniDataTransformItem","LookupReturnedFieldName":"","IsRequiredForUpsert":false,"MigrationProcess":"","FilterDataType":"","VlocityDataPackIsIncluded":true,"InputObjectName":"","FormulaExpression":"","OmniDataTransformationId":{"VlocityRecordSObjectType":"OmniDataTransform","VlocityDataPackType":"VlocityMatchingKeyObject","VlocityMatchingRecordSourceKey":"VlocityRecordSourceKey:0jIW20000000umzMAA","Name":"DRGetContactCasesByCaseOrigin"},"LookupObjectName":"","MigrationAttribute":"","MigrationGroup":"","FilterValue":"","FilterOperator":"","InputFieldName":"NumberOfCases","MigrationKey":"","VlocityRecordSourceKey":"VlocityRecordSourceKey:0kdW20000003XCWIA2","IsUpsertKey":false,"LookupByFieldName":"","OutputFieldFormat":"","TransformValueMappings":"","Id":"0kdW20000003XCWIA2","OutputObjectName":"json"},{"MigrationPattern":"","InputObjectQuerySequence":"","FormulaResultPath":"","VlocityDataPackType":"SObject","FormulaSequence":"","LinkedFieldName":"","IsDisabled":false,"MigrationCategory":"","MigrationType":"","OutputFieldName":"ContactName","MigrationValue":"","FilterGroup":"","LinkedObjectSequence":"","GlobalKey":"DRGetContactCasesByCaseOriginCustom0jIW20000000umzMAAItem14","Name":"DRGetContactCasesByCaseOrigin","OutputCreationSequence":1,"DefaultValue":"","VlocityRecordSObjectType":"OmniDataTransformItem","LookupReturnedFieldName":"","IsRequiredForUpsert":false,"MigrationProcess":"","FilterDataType":"","VlocityDataPackIsIncluded":true,"InputObjectName":"","FormulaExpression":"","OmniDataTransformationId":{"VlocityRecordSObjectType":"OmniDataTransform","VlocityDataPackType":"VlocityMatchingKeyObject","VlocityMatchingRecordSourceKey":"VlocityRecordSourceKey:0jIW20000000umzMAA","Name":"DRGetContactCasesByCaseOrigin"},"LookupObjectName":"","MigrationAttribute":"","MigrationGroup":"","FilterValue":"","FilterOperator":"","InputFieldName":"Contact:Name","MigrationKey":"","VlocityRecordSourceKey":"VlocityRecordSourceKey:0kdW20000003XCZIA2","IsUpsertKey":false,"LookupByFieldName":"","OutputFieldFormat":"","TransformValueMappings":"","Id":"0kdW20000003XCZIA2","OutputObjectName":"json"},{"MigrationPattern":"","InputObjectQuerySequence":"","FormulaResultPath":"","VlocityDataPackType":"SObject","FormulaSequence":"","LinkedFieldName":"","IsDisabled":false,"MigrationCategory":"","MigrationType":"","OutputFieldName":"AccountName","MigrationValue":"","FilterGroup":"","LinkedObjectSequence":"","GlobalKey":"DRGetContactCasesByCaseOriginCustom0jIW20000000umzMAAItem15","Name":"DRGetContactCasesByCaseOrigin","OutputCreationSequence":1,"DefaultValue":"","VlocityRecordSObjectType":"OmniDataTransformItem","LookupReturnedFieldName":"","IsRequiredForUpsert":false,"MigrationProcess":"","FilterDataType":"","VlocityDataPackIsIncluded":true,"InputObjectName":"","FormulaExpression":"","OmniDataTransformationId":{"VlocityRecordSObjectType":"OmniDataTransform","VlocityDataPackType":"VlocityMatchingKeyObject","VlocityMatchingRecordSourceKey":"VlocityRecordSourceKey:0jIW20000000umzMAA","Name":"DRGetContactCasesByCaseOrigin"},"LookupObjectName":"","MigrationAttribute":"","MigrationGroup":"","FilterValue":"","FilterOperator":"","InputFieldName":"Contact:Account.Name","MigrationKey":"","VlocityRecordSourceKey":"VlocityRecordSourceKey:0kdW20000003XCaIAM","IsUpsertKey":false,"LookupByFieldName":"","OutputFieldFormat":"","TransformValueMappings":"","Id":"0kdW20000003XCaIAM","OutputObjectName":"json"},{"MigrationPattern":"","InputObjectQuerySequence":"","FormulaResultPath":"","VlocityDataPackType":"SObject","FormulaSequence":"","LinkedFieldName":"","IsDisabled":false,"MigrationCategory":"","MigrationType":"","OutputFieldName":"Title","MigrationValue":"","FilterGroup":"","LinkedObjectSequence":"","GlobalKey":"DRGetContactCasesByCaseOriginCustom0jIW20000000umzMAAItem16","Name":"DRGetContactCasesByCaseOrigin","OutputCreationSequence":1,"DefaultValue":"","VlocityRecordSObjectType":"OmniDataTransformItem","LookupReturnedFieldName":"","IsRequiredForUpsert":false,"MigrationProcess":"","FilterDataType":"","VlocityDataPackIsIncluded":true,"InputObjectName":"","FormulaExpression":"","OmniDataTransformationId":{"VlocityRecordSObjectType":"OmniDataTransform","VlocityDataPackType":"VlocityMatchingKeyObject","VlocityMatchingRecordSourceKey":"VlocityRecordSourceKey:0jIW20000000umzMAA","Name":"DRGetContactCasesByCaseOrigin"},"LookupObjectName":"","MigrationAttribute":"","MigrationGroup":"","FilterValue":"","FilterOperator":"","InputFieldName":"Contact:Title","MigrationKey":"","VlocityRecordSourceKey":"VlocityRecordSourceKey:0kdW20000003XCbIAM","IsUpsertKey":false,"LookupByFieldName":"","OutputFieldFormat":"","TransformValueMappings":"","Id":"0kdW20000003XCbIAM","OutputObjectName":"json"},{"MigrationPattern":"","InputObjectQuerySequence":"","FormulaResultPath":"","VlocityDataPackType":"SObject","FormulaSequence":"","LinkedFieldName":"","IsDisabled":false,"MigrationCategory":"","MigrationType":"","OutputFieldName":"Case:Origin","MigrationValue":"","FilterGroup":"","LinkedObjectSequence":"","GlobalKey":"DRGetContactCasesByCaseOriginCustom0jIW20000000umzMAAItem17","Name":"DRGetContactCasesByCaseOrigin","OutputCreationSequence":1,"DefaultValue":"","VlocityRecordSObjectType":"OmniDataTransformItem","LookupReturnedFieldName":"","IsRequiredForUpsert":false,"MigrationProcess":"","FilterDataType":"","VlocityDataPackIsIncluded":true,"InputObjectName":"","FormulaExpression":"","OmniDataTransformationId":{"VlocityRecordSObjectType":"OmniDataTransform","VlocityDataPackType":"VlocityMatchingKeyObject","VlocityMatchingRecordSourceKey":"VlocityRecordSourceKey:0jIW20000000umzMAA","Name":"DRGetContactCasesByCaseOrigin"},"LookupObjectName":"","MigrationAttribute":"","MigrationGroup":"","FilterValue":"","FilterOperator":"","InputFieldName":"Case:Origin","MigrationKey":"","VlocityRecordSourceKey":"VlocityRecordSourceKey:0kdW20000003XCcIAM","IsUpsertKey":false,"LookupByFieldName":"","OutputFieldFormat":"","TransformValueMappings":"","Id":"0kdW20000003XCcIAM","OutputObjectName":"json"}],"VlocityDataPackIsIncluded":true,"PreviewSourceObjectData":"","OutputType":"JSON","PreviewJsonData":"{\"Id\":\"003W2000000GydHIAS\"}","IsRollbackOnError":false,"BatchSize":"","ResponseCacheType":"","IsNullInputsIncludedInOutput":false,"VersionNumber":1,"Namespace":"","OutputParsingClass":"","Type":"Extract","IsErrorIgnored":false,"ExpectedInputJson":"","VlocityRecordSourceKey":"VlocityRecordSourceKey:0jIW20000000umzMAA","ExpectedInputXml":"","RequiredPermission":"","PreviewXmlData":"","InputType":"JSON","Id":"0jIW20000000umzMAA","ResponseCacheTtlMinutes":"","TargetOutputFileName":"","UniqueName":"","IsFieldLevelSecurityEnabled":false,"PreprocessorClassName":""}],"Id":"DRGetContactCasesByCaseOrigin","VlocityDataPackRelationshipType":"Sibling","VlocityDataPackLabel":"DataRaptor","VlocityDataPackType":"DataRaptor","VlocityDataPackKey":"f18498b5c697ed38d01e960e415f12ae"},"VlocityDataPackAllRelationships":{"18a0e1ddf81ebc918216ee1ef477535e":"Reference by Name"},"DataPackAttachmentSize":21898,"DataPackAttachmentParentId":"0ncW20000001LNNIA2","DataPackAttachmentId":"00PW2000000COBRMA4","ActivationStatus":"NA"},{"VlocityPrimarySourceId":"0jNW20000001GcDMAU","VlocityPreviousPageKey":null,"VlocityMultiPackParentKey":null,"VlocityDepthFromPrimary":0,"VlocityDataPackType":"IntegrationProcedure","VlocityDataPackStatus":"Success","VlocityDataPackRelationshipType":"Sibling","VlocityDataPackRecords":[],"VlocityDataPackParents":[],"VlocityDataPackName":"DocumentServiceGateway_DocGenerationWithTokenData","VlocityDataPackMessage":null,"VlocityDataPackLabel":"IntegrationProcedure","VlocityDataPackKey":"8cb6fb37d087e7529c278df35682d334","VlocityDataPackIsNotSupported":false,"VlocityDataPackIsIncluded":true,"VlocityDataPackData":{"Id":"DocumentServiceGateway_DocGenerationWithTokenData","VlocityDataPackRelationshipType":"Sibling","VlocityDataPackLabel":"IntegrationProcedure","VlocityDataPackType":"IntegrationProcedure","VlocityDataPackKey":"8cb6fb37d087e7529c278df35682d334","OmniProcess":[{"IsMetadataCacheDisabled":false,"IsTestProcedure":false,"Description":"Server-side remote doc generation with dataJson parameter. DR extract is implicitly in OS and document template contains DR transform.","OverrideKey":"","IsActive":true,"VlocityDataPackType":"SObject","Name":"DocumentServiceGateway_DocGenerationWithTokenData","OmniProcessKey":"DocumentServiceGateway_DocGenerationWithTokenData","VlocityRecordSObjectType":"OmniProcess","Language":"Procedure","PropertySetConfig":"{\"linkToExternalObject\":\"\",\"trackingCustomData\":{},\"includeAllActionsInResponse\":false,\"columnsPropertyMap\":[],\"relationshipFieldsMap\":[],\"labelSingular\":\"\",\"labelPlural\":\"\",\"description\":\"\",\"nameColumn\":\"\",\"rollbackOnError\":false,\"chainableQueriesLimit\":50,\"chainableDMLStatementsLimit\":null,\"chainableCpuLimit\":2000,\"chainableHeapSizeLimit\":null,\"chainableDMLRowsLimit\":null,\"chainableQueryRowsLimit\":null,\"chainableSoslQueriesLimit\":null,\"chainableActualTimeLimit\":null,\"additionalChainableResponse\":{},\"queueableChainableQueriesLimit\":120,\"queueableChainableCpuLimit\":40000,\"queueableChainableHeapSizeLimit\":6,\"ttlMinutes\":5,\"mockResponseMap\":{}}","LastPreviewPage":"","OmniProcessType":"Integration Procedure","ElementTypeComponentMapping":"{\"ElementTypeToHTMLTemplateList\":[]}","VlocityDataPackIsIncluded":true,"SubType":"DocGenerationWithTokenData","ResponseCacheType":"","IsOmniScriptEmbeddable":false,"CustomJavaScript":"{\n    \"objectId\": \"800R0000000HE3eIAG\",\n    \"templateId\": \"2dtR0000000023v\",\n    \"tokenDataMap\": \"{}\",\n    \"title\": \"default-token-ip\",\n    \"returnAsPdf\": \"false\",\n    \"keepIntermediate\": \"false\"\n}","IsIntegrationProcedure":true,"VersionNumber":3,"DesignerCustomizationType":"","Namespace":"","Type":"DocumentServiceGateway","WebComponentKey":"0c0ca317-24bd-5a83-e7c2-5e00b1fd988f","VlocityRecordSourceKey":"VlocityRecordSourceKey:0jNW20000001GcDMAU","RequiredPermission":"","IsWebCompEnabled":false,"OmniProcessElement":[{"Description":"","IsActive":true,"VlocityDataPackType":"SObject","IsOmniScriptEmbeddable":false,"DesignerCustomizationType":"","Name":"generateDocumentWithTokenDataService","ParentElementName":"","EmbeddedOmniScriptKey":"","Type":"Remote Action","VlocityRecordSObjectType":"OmniProcessElement","ParentElementId":"","VlocityRecordSourceKey":"VlocityRecordSourceKey:0kEW20000005flhMAA","OmniProcessVersionNumber":3,"PropertySetConfig":"{\"executionConditionalFormula\":\"\",\"failureConditionalFormula\":\"\",\"failOnStepError\":true,\"useFormulas\":true,\"additionalInput\":{\"objectId\":\"%objectId%\",\"templateId\":\"%templateId%\",\"tokenDataMap\":\"%tokenDataMap%\",\"title\":\"%setupServiceCallInputParams:title%\",\"returnAsPdf\":\"%setupServiceCallInputParams:returnAsPdf%\",\"keepIntermediate\":\"%setupServiceCallInputParams:keepIntermediate%\",\"outputFileFormat\":\"%outputFileFormat%\"},\"additionalOutput\":{},\"failureResponse\":{},\"sendOnlyAdditionalInput\":true,\"returnOnlyAdditionalOutput\":false,\"returnOnlyFailureResponse\":false,\"responseJSONPath\":\"\",\"responseJSONNode\":\"\",\"sendJSONPath\":\"\",\"sendJSONNode\":\"\",\"remoteClass\":\"DocumentServiceGateway\",\"remoteOptions\":{},\"remoteMethod\":\"generateDocumentWithTokenData\",\"chainOnStep\":false,\"actionMessage\":\"\",\"additionalChainableResponse\":{},\"show\":null,\"label\":\"RemoteAction1\",\"disOnTplt\":false}","SequenceNumber":2,"OmniProcessId":{"VlocityRecordSObjectType":"OmniProcess","VlocityDataPackType":"VlocityMatchingKeyObject","VlocityMatchingRecordSourceKey":"VlocityRecordSourceKey:0jNW20000001GcDMAU","Name":"DocumentServiceGateway_DocGenerationWithTokenData"},"Level":0,"Id":"0kEW20000005flhMAA","VlocityDataPackIsIncluded":true,"ParentElementType":""},{"Description":"","IsActive":true,"VlocityDataPackType":"SObject","IsOmniScriptEmbeddable":false,"DesignerCustomizationType":"","Name":"ipResponse","ParentElementName":"","EmbeddedOmniScriptKey":"","Type":"Response Action","VlocityRecordSObjectType":"OmniProcessElement","ParentElementId":"","VlocityRecordSourceKey":"VlocityRecordSourceKey:0kEW20000005fliMAA","OmniProcessVersionNumber":3,"PropertySetConfig":"{\"executionConditionalFormula\":\"\",\"useFormulas\":true,\"additionalOutput\":{\"docContentVersionId\":\"%generateDocumentWithTokenDataService:docContentVersionId%\",\"pdfContentVersionId\":\"%generateDocumentWithTokenDataService:pdfContentVersionId%\",\"isSuccessfulTransaction\":\"%generateDocumentWithTokenDataService:success%\",\"errorMessage\":\"=IF(%generateDocumentWithTokenDataService:success%==true, '', %generateDocumentWithTokenDataService:error%)\",\"jobId\":\"=%generateDocumentWithTokenDataService:jobId%\"},\"returnOnlyAdditionalOutput\":true,\"returnFullDataJSON\":false,\"responseFormat\":\"JSON\",\"responseJSONPath\":\"\",\"responseJSONNode\":\"\",\"sendJSONPath\":\"\",\"sendJSONNode\":\"\",\"responseDefaultData\":{},\"vlcResponseHeaders\":{},\"show\":null,\"label\":\"ResponseAction1\",\"disOnTplt\":false}","SequenceNumber":3,"OmniProcessId":{"VlocityRecordSObjectType":"OmniProcess","VlocityDataPackType":"VlocityMatchingKeyObject","VlocityMatchingRecordSourceKey":"VlocityRecordSourceKey:0jNW20000001GcDMAU","Name":"DocumentServiceGateway_DocGenerationWithTokenData"},"Level":0,"Id":"0kEW20000005fliMAA","VlocityDataPackIsIncluded":true,"ParentElementType":""},{"Description":"","IsActive":true,"VlocityDataPackType":"SObject","IsOmniScriptEmbeddable":false,"DesignerCustomizationType":"","Name":"setupServiceCallInputParams","ParentElementName":"","EmbeddedOmniScriptKey":"","Type":"Set Values","VlocityRecordSObjectType":"OmniProcessElement","ParentElementId":"","VlocityRecordSourceKey":"VlocityRecordSourceKey:0kEW20000005fljMAA","OmniProcessVersionNumber":3,"PropertySetConfig":"{\"executionConditionalFormula\":\"\",\"failureConditionalFormula\":\"\",\"failOnStepError\":true,\"elementValueMap\":{\"title\":\"=IF(OR(%title%==null, %title%==''), null, %title%)\",\"returnAsPdf\":\"=IF(OR(%returnAsPdf%==null, %returnAsPdf%==''), false, %returnAsPdf%)\",\"keepIntermediate\":\"=IF(OR(%keepIntermediate%==null, %keepIntermediate%==''), false, %keepIntermediate%)\"},\"responseJSONPath\":\"\",\"responseJSONNode\":\"\",\"chainOnStep\":false,\"actionMessage\":\"\",\"show\":null,\"label\":\"SetValues1\",\"disOnTplt\":false}","SequenceNumber":1,"OmniProcessId":{"VlocityRecordSObjectType":"OmniProcess","VlocityDataPackType":"VlocityMatchingKeyObject","VlocityMatchingRecordSourceKey":"VlocityRecordSourceKey:0jNW20000001GcDMAU","Name":"DocumentServiceGateway_DocGenerationWithTokenData"},"Level":0,"Id":"0kEW20000005fljMAA","VlocityDataPackIsIncluded":true,"ParentElementType":""}],"Id":"0jNW20000001GcDMAU","UniqueName":"","CustomHtmlTemplates":""}]},"VlocityDataPackAllRelationships":{"18a0e1ddf81ebc918216ee1ef477535e":"Reference by Name","f0d0927ea72d9dbe81a940fda1426ab6":"Reference by Salesforce Id"},"DataPackAttachmentSize":7971,"DataPackAttachmentParentId":"0ncW20000001LNNIA2","DataPackAttachmentId":"00PW2000000COBSMA4","ActivationStatus":"Ready"},{"VlocityPrimarySourceId":"0jNW20000001JNBMA2","VlocityPreviousPageKey":null,"VlocityMultiPackParentKey":null,"VlocityDepthFromPrimary":0,"VlocityDataPackType":"IntegrationProcedure","VlocityDataPackStatus":"Success","VlocityDataPackRelationshipType":"Sibling","VlocityDataPackRecords":[],"VlocityDataPackParents":[],"VlocityDataPackName":"GetCaseOrigin","VlocityDataPackMessage":null,"VlocityDataPackLabel":"IntegrationProcedure","VlocityDataPackKey":"82fa521b1fcd850dfbbc06840a30b4db","VlocityDataPackIsNotSupported":false,"VlocityDataPackIsIncluded":true,"VlocityDataPackData":{"Id":"DocGen_GetCaseOrigin","VlocityDataPackRelationshipType":"Sibling","VlocityDataPackLabel":"IntegrationProcedure","VlocityDataPackType":"IntegrationProcedure","VlocityDataPackKey":"82fa521b1fcd850dfbbc06840a30b4db","OmniProcess":[{"IsMetadataCacheDisabled":false,"IsTestProcedure":false,"Description":"","OverrideKey":"","IsActive":true,"VlocityDataPackType":"SObject","Name":"GetCaseOrigin","OmniProcessKey":"DocGen_GetCaseOrigin","VlocityRecordSObjectType":"OmniProcess","Language":"Procedure","PropertySetConfig":"{\"linkToExternalObject\":\"\",\"trackingCustomData\":{},\"includeAllActionsInResponse\":false,\"columnsPropertyMap\":[],\"relationshipFieldsMap\":[],\"labelSingular\":\"\",\"labelPlural\":\"\",\"description\":\"\",\"nameColumn\":\"\",\"rollbackOnError\":false,\"chainableQueriesLimit\":50,\"chainableDMLStatementsLimit\":null,\"chainableCpuLimit\":2000,\"chainableHeapSizeLimit\":null,\"chainableDMLRowsLimit\":null,\"chainableQueryRowsLimit\":null,\"chainableSoslQueriesLimit\":null,\"chainableActualTimeLimit\":null,\"additionalChainableResponse\":{},\"queueableChainableQueriesLimit\":120,\"queueableChainableCpuLimit\":40000,\"queueableChainableHeapSizeLimit\":6,\"ttlMinutes\":5,\"mockResponseMap\":{}}","LastPreviewPage":"","OmniProcessType":"Integration Procedure","ElementTypeComponentMapping":"{\"ElementTypeToHTMLTemplateList\":[]}","VlocityDataPackIsIncluded":true,"SubType":"GetCaseOrigin","ResponseCacheType":"","IsOmniScriptEmbeddable":false,"CustomJavaScript":"{\n    \"Id\": \"003W2000000GydHIAS\"\n}","IsIntegrationProcedure":true,"VersionNumber":1,"DesignerCustomizationType":"","Namespace":"","Type":"DocGen","WebComponentKey":"6cecff89-f440-378f-fdc4-949154413c57","VlocityRecordSourceKey":"VlocityRecordSourceKey:0jNW20000001JNBMA2","RequiredPermission":"","IsWebCompEnabled":false,"OmniProcessElement":[{"Description":"","IsActive":true,"VlocityDataPackType":"SObject","IsOmniScriptEmbeddable":false,"DesignerCustomizationType":"","Name":"DRGetCaseOrigin","ParentElementName":"","EmbeddedOmniScriptKey":"","Type":"DataRaptor Extract Action","VlocityRecordSObjectType":"OmniProcessElement","ParentElementId":"","VlocityRecordSourceKey":"VlocityRecordSourceKey:0kEW20000005rYLMAY","OmniProcessVersionNumber":1,"PropertySetConfig":"{\"executionConditionalFormula\":\"\",\"failureConditionalFormula\":\"\",\"failOnStepError\":true,\"useFormulas\":true,\"additionalInput\":{\"Id\":\"=%Id%\"},\"additionalOutput\":{},\"failureResponse\":{},\"sendOnlyAdditionalInput\":true,\"returnOnlyAdditionalOutput\":false,\"returnOnlyFailureResponse\":false,\"responseJSONPath\":\"\",\"responseJSONNode\":\"DRExtract\",\"sendJSONPath\":\"\",\"sendJSONNode\":\"\",\"bundle\":\"DRGetCaseOrigin\",\"dataRaptor Input Parameters\":[],\"chainOnStep\":false,\"actionMessage\":\"\",\"ignoreCache\":false,\"show\":null,\"label\":\"DataRaptorExtractAction1\",\"disOnTplt\":false}","SequenceNumber":1,"OmniProcessId":{"VlocityRecordSObjectType":"OmniProcess","VlocityDataPackType":"VlocityMatchingKeyObject","VlocityMatchingRecordSourceKey":"VlocityRecordSourceKey:0jNW20000001JNBMA2","Name":"GetCaseOrigin"},"Level":0,"Id":"0kEW20000005rYLMAY","VlocityDataPackIsIncluded":true,"ParentElementType":""},{"Description":"","IsActive":true,"VlocityDataPackType":"SObject","IsOmniScriptEmbeddable":false,"DesignerCustomizationType":"","Name":"ResponseAction1","ParentElementName":"","EmbeddedOmniScriptKey":"","Type":"Response Action","VlocityRecordSObjectType":"OmniProcessElement","ParentElementId":"","VlocityRecordSourceKey":"VlocityRecordSourceKey:0kEW20000005rZxMAI","OmniProcessVersionNumber":1,"PropertySetConfig":"{\"executionConditionalFormula\":\"\",\"useFormulas\":true,\"additionalOutput\":{},\"returnOnlyAdditionalOutput\":false,\"returnFullDataJSON\":false,\"responseFormat\":\"JSON\",\"responseJSONPath\":\"\",\"responseJSONNode\":\"\",\"sendJSONPath\":\"SortAndDedupe\",\"sendJSONNode\":\"\",\"responseDefaultData\":{},\"vlcResponseHeaders\":{},\"show\":null,\"label\":\"ResponseAction1\",\"disOnTplt\":false}","SequenceNumber":3,"OmniProcessId":{"VlocityRecordSObjectType":"OmniProcess","VlocityDataPackType":"VlocityMatchingKeyObject","VlocityMatchingRecordSourceKey":"VlocityRecordSourceKey:0jNW20000001JNBMA2","Name":"GetCaseOrigin"},"Level":0,"Id":"0kEW20000005rZxMAI","VlocityDataPackIsIncluded":true,"ParentElementType":""},{"Description":"","IsActive":true,"VlocityDataPackType":"SObject","IsOmniScriptEmbeddable":false,"DesignerCustomizationType":"","Name":"SortAndDedupe","ParentElementName":"","EmbeddedOmniScriptKey":"","Type":"List Merge Action","VlocityRecordSObjectType":"OmniProcessElement","ParentElementId":"","VlocityRecordSourceKey":"VlocityRecordSourceKey:0kEW20000005rbZMAQ","OmniProcessVersionNumber":1,"PropertySetConfig":"{\"executionConditionalFormula\":\"\",\"failureConditionalFormula\":\"\",\"failOnStepError\":true,\"useFormulas\":true,\"additionalInput\":{},\"additionalOutput\":{},\"failureResponse\":{},\"sendOnlyAdditionalInput\":false,\"returnOnlyAdditionalOutput\":false,\"returnOnlyFailureResponse\":false,\"responseJSONPath\":\"\",\"responseJSONNode\":\"SortAndDedupe\",\"sendJSONPath\":\"\",\"sendJSONNode\":\"\",\"advancedMerge\":false,\"advancedMergeMap\":[],\"mergeFields\":[\"Origin\"],\"allowMergeNulls\":true,\"hasPrimary\":false,\"primaryListKey\":\"\",\"sortBy\":[\"Origin\"],\"sortInDescendingOrder\":false,\"mergeListsOrder\":[\"DRExtract\"],\"filterListFormula\":\"\",\"dynamicOutputFields\":\"\",\"updateFieldValue\":{},\"chainOnStep\":false,\"actionMessage\":\"\",\"additionalChainableResponse\":{},\"show\":null,\"label\":\"ListAction1\",\"disOnTplt\":false}","SequenceNumber":2,"OmniProcessId":{"VlocityRecordSObjectType":"OmniProcess","VlocityDataPackType":"VlocityMatchingKeyObject","VlocityMatchingRecordSourceKey":"VlocityRecordSourceKey:0jNW20000001JNBMA2","Name":"GetCaseOrigin"},"Level":0,"Id":"0kEW20000005rbZMAQ","VlocityDataPackIsIncluded":true,"ParentElementType":""}],"Id":"0jNW20000001JNBMA2","UniqueName":"","CustomHtmlTemplates":""}]},"VlocityDataPackAllRelationships":{"18a0e1ddf81ebc918216ee1ef477535e":"Reference by Name","fc0e3d43574abe4e21d244ae7553d11d":"Reference by Name"},"DataPackAttachmentSize":6909,"DataPackAttachmentParentId":"0ncW20000001LNNIA2","DataPackAttachmentId":"00PW2000000COBTMA4","ActivationStatus":"Ready"},{"VlocityPrimarySourceId":"0jIW20000000ulNMAQ","VlocityPreviousPageKey":null,"VlocityMultiPackParentKey":null,"VlocityDepthFromPrimary":0,"VlocityDataPackType":"DataRaptor","VlocityDataPackStatus":"Success","VlocityDataPackRelationshipType":"Sibling","VlocityDataPackRecords":[],"VlocityDataPackParents":[],"VlocityDataPackName":"DRGetCaseOrigin","VlocityDataPackMessage":null,"VlocityDataPackLabel":"DataRaptor","VlocityDataPackKey":"fc0e3d43574abe4e21d244ae7553d11d","VlocityDataPackIsNotSupported":false,"VlocityDataPackIsIncluded":true,"VlocityDataPackData":{"OmniDataTransform":[{"SourceObject":"json","ExpectedInputOtherData":"","ExpectedOutputJson":"","Description":"","ExpectedOutputXml":"","IsDeletedOnSuccess":false,"IsProcessSuperBulk":false,"OverrideKey":"","VlocityDataPackType":"SObject","PreviewOtherData":"","SynchronousProcessThreshold":"","TargetOutputDocumentIdentifier":"","GlobalKey":"","Name":"DRGetCaseOrigin","IsAssignmentRulesUsed":false,"VlocityRecordSObjectType":"OmniDataTransform","IsXmlDeclarationRemoved":false,"XmlOutputTagsOrder":"","IsSourceObjectDefault":false,"InputParsingClass":"","ExpectedOutputOtherData":"","OmniDataTransformItem":[{"MigrationPattern":"","InputObjectQuerySequence":1,"FormulaResultPath":"","VlocityDataPackType":"SObject","FormulaSequence":"","LinkedFieldName":"","IsDisabled":false,"MigrationCategory":"","MigrationType":"","OutputFieldName":"Case","MigrationValue":"","FilterGroup":0,"LinkedObjectSequence":"","GlobalKey":"DRGetCaseOriginCustom6371","Name":"DRGetCaseOrigin","OutputCreationSequence":0,"DefaultValue":"","VlocityRecordSObjectType":"OmniDataTransformItem","LookupReturnedFieldName":"","IsRequiredForUpsert":false,"MigrationProcess":"","FilterDataType":"","VlocityDataPackIsIncluded":true,"InputObjectName":"Case","FormulaExpression":"","OmniDataTransformationId":{"VlocityRecordSObjectType":"OmniDataTransform","VlocityDataPackType":"VlocityMatchingKeyObject","VlocityMatchingRecordSourceKey":"VlocityRecordSourceKey:0jIW20000000ulNMAQ","Name":"DRGetCaseOrigin"},"LookupObjectName":"","MigrationAttribute":"","MigrationGroup":"","FilterValue":"Id","FilterOperator":"=","InputFieldName":"ContactId","MigrationKey":"","VlocityRecordSourceKey":"VlocityRecordSourceKey:0kdW20000003X97IAE","IsUpsertKey":false,"LookupByFieldName":"","OutputFieldFormat":"","TransformValueMappings":"","Id":"0kdW20000003X97IAE","OutputObjectName":"json"},{"MigrationPattern":"","InputObjectQuerySequence":"","FormulaResultPath":"","VlocityDataPackType":"SObject","FormulaSequence":"","LinkedFieldName":"","IsDisabled":false,"MigrationCategory":"","MigrationType":"","OutputFieldName":"Origin","MigrationValue":"","FilterGroup":"","LinkedObjectSequence":"","GlobalKey":"DRGetCaseOriginCustom8295","Name":"DRGetCaseOrigin","OutputCreationSequence":1,"DefaultValue":"","VlocityRecordSObjectType":"OmniDataTransformItem","LookupReturnedFieldName":"","IsRequiredForUpsert":false,"MigrationProcess":"","FilterDataType":"","VlocityDataPackIsIncluded":true,"InputObjectName":"","FormulaExpression":"","OmniDataTransformationId":{"VlocityRecordSObjectType":"OmniDataTransform","VlocityDataPackType":"VlocityMatchingKeyObject","VlocityMatchingRecordSourceKey":"VlocityRecordSourceKey:0jIW20000000ulNMAQ","Name":"DRGetCaseOrigin"},"LookupObjectName":"","MigrationAttribute":"","MigrationGroup":"","FilterValue":"","FilterOperator":"","InputFieldName":"Case:Origin","MigrationKey":"","VlocityRecordSourceKey":"VlocityRecordSourceKey:0kdW20000003XAjIAM","IsUpsertKey":false,"LookupByFieldName":"","OutputFieldFormat":"","TransformValueMappings":"","Id":"0kdW20000003XAjIAM","OutputObjectName":"json"}],"VlocityDataPackIsIncluded":true,"PreviewSourceObjectData":"","OutputType":"JSON","PreviewJsonData":"{\"Id\":\"003W2000000GydHIAS\"}","IsRollbackOnError":false,"BatchSize":"","ResponseCacheType":"","IsNullInputsIncludedInOutput":false,"VersionNumber":1,"Namespace":"","OutputParsingClass":"","Type":"Extract","IsErrorIgnored":false,"ExpectedInputJson":"","VlocityRecordSourceKey":"VlocityRecordSourceKey:0jIW20000000ulNMAQ","ExpectedInputXml":"","RequiredPermission":"","PreviewXmlData":"","InputType":"JSON","Id":"0jIW20000000ulNMAQ","ResponseCacheTtlMinutes":"","TargetOutputFileName":"","UniqueName":"","IsFieldLevelSecurityEnabled":false,"PreprocessorClassName":""}],"Id":"DRGetCaseOrigin","VlocityDataPackRelationshipType":"Sibling","VlocityDataPackLabel":"DataRaptor","VlocityDataPackType":"DataRaptor","VlocityDataPackKey":"fc0e3d43574abe4e21d244ae7553d11d"},"VlocityDataPackAllRelationships":{"82fa521b1fcd850dfbbc06840a30b4db":"Reference by Name"},"DataPackAttachmentSize":4746,"DataPackAttachmentParentId":"0ncW20000001LNNIA2","DataPackAttachmentId":"00PW2000000COD4MAO","ActivationStatus":"NA"}],"dataPackId":"0ncW20000001LNNIA2","alreadyExportedKeys":[],"name":"ContactCaseReportFiltered","description":"","version":1,"Status":"Complete"}