
{"useVlocityTriggers":true,"status":"Complete","processMultiple":true,"primaryDataPackType":"MultiPack","primaryDataPackKey":"DataPackExportList","maxDepth":-1,"isChunked":false,"ignoreAllErrors":false,"forceQueueable":false,"forceOldDataModel":null,"dataPacks":[{"VlocityPrimarySourceId":"0jIW20000000umzMAA","VlocityPreviousPageKey":null,"VlocityMultiPackParentKey":null,"VlocityDepthFromPrimary":0,"VlocityDataPackType":"DataRaptor","VlocityDataPackStatus":"Success","VlocityDataPackRelationshipType":"Sibling","VlocityDataPackRecords":[],"VlocityDataPackParents":[],"VlocityDataPackName":"DRGetContactCasesByCaseOrigin","VlocityDataPackMessage":null,"VlocityDataPackLabel":"DataRaptor","VlocityDataPackKey":"5deb3d332e00eedfdd9e5dc48e1ddb22","VlocityDataPackIsNotSupported":false,"VlocityDataPackIsIncluded":true,"VlocityDataPackData":{"OmniDataTransform":[{"SourceObject":"json","ExpectedInputOtherData":"","ExpectedOutputJson":"","Description":"","ExpectedOutputXml":"","IsDeletedOnSuccess":false,"IsProcessSuperBulk":false,"OverrideKey":"","VlocityDataPackType":"SObject","PreviewOtherData":"","SynchronousProcessThreshold":"","TargetOutputDocumentIdentifier":"","GlobalKey":"","Name":"DRGetContactCasesByCaseOrigin","IsAssignmentRulesUsed":false,"VlocityRecordSObjectType":"OmniDataTransform","IsXmlDeclarationRemoved":false,"XmlOutputTagsOrder":"","IsSourceObjectDefault":false,"InputParsingClass":"","ExpectedOutputOtherData":"","OmniDataTransformItem":[{"MigrationPattern":"","InputObjectQuerySequence":2,"FormulaResultPath":"","VlocityDataPackType":"SObject","FormulaSequence":"","LinkedFieldName":"","IsDisabled":false,"MigrationCategory":"","MigrationType":"","OutputFieldName":"Case","MigrationValue":"","FilterGroup":0,"LinkedObjectSequence":"","GlobalKey":"DRGetContactCasesByCaseOriginCustom0jIW20000000umzMAAItem0","Name":"DRGetContactCasesByCaseOrigin","OutputCreationSequence":0,"DefaultValue":"","VlocityRecordSObjectType":"OmniDataTransformItem","LookupReturnedFieldName":"","IsRequiredForUpsert":false,"MigrationProcess":"","FilterDataType":"","VlocityDataPackIsIncluded":true,"InputObjectName":"Case","FormulaExpression":"","OmniDataTransformationId":{"VlocityRecordSObjectType":"OmniDataTransform","VlocityDataPackType":"VlocityMatchingKeyObject","VlocityMatchingRecordSourceKey":"VlocityRecordSourceKey:0jIW20000000umzMAA","Name":"DRGetContactCasesByCaseOrigin"},"LookupObjectName":"","MigrationAttribute":"","MigrationGroup":"","FilterValue":"Id","FilterOperator":"=","InputFieldName":"ContactId","MigrationKey":"","VlocityRecordSourceKey":"VlocityRecordSourceKey:0kdW20000003XCLIA2","IsUpsertKey":false,"LookupByFieldName":"","OutputFieldFormat":"","TransformValueMappings":"","Id":"0kdW20000003XCLIA2","OutputObjectName":"json"},{"MigrationPattern":"","InputObjectQuerySequence":2,"FormulaResultPath":"","VlocityDataPackType":"SObject","FormulaSequence":"","LinkedFieldName":"","IsDisabled":false,"MigrationCategory":"","MigrationType":"","OutputFieldName":"Case","MigrationValue":"","FilterGroup":0,"LinkedObjectSequence":"","GlobalKey":"DRGetContactCasesByCaseOriginCustom0jIW20000000umzMAAItem2","Name":"DRGetContactCasesByCaseOrigin","OutputCreationSequence":0,"DefaultValue":"","VlocityRecordSObjectType":"OmniDataTransformItem","LookupReturnedFieldName":"","IsRequiredForUpsert":false,"MigrationProcess":"","FilterDataType":"","VlocityDataPackIsIncluded":true,"InputObjectName":"Case","FormulaExpression":"","OmniDataTransformationId":{"VlocityRecordSObjectType":"OmniDataTransform","VlocityDataPackType":"VlocityMatchingKeyObject","VlocityMatchingRecordSourceKey":"VlocityRecordSourceKey:0jIW20000000umzMAA","Name":"DRGetContactCasesByCaseOrigin"},"LookupObjectName":"","MigrationAttribute":"","MigrationGroup":"","FilterValue":"selectedCaseOriginRows:Origin","FilterOperator":"=","InputFieldName":"Origin","MigrationKey":"","VlocityRecordSourceKey":"VlocityRecordSourceKey:0kdW20000003XCNIA2","IsUpsertKey":false,"LookupByFieldName":"","OutputFieldFormat":"","TransformValueMappings":"","Id":"0kdW20000003XCNIA2","OutputObjectName":"json"},{"MigrationPattern":"","InputObjectQuerySequence":"","FormulaResultPath":"NumberOfCases","VlocityDataPackType":"SObject","FormulaSequence":1,"LinkedFieldName":"","IsDisabled":false,"MigrationCategory":"","MigrationType":"","OutputFieldName":"Formula","MigrationValue":"","FilterGroup":"","LinkedObjectSequence":"","GlobalKey":"DRGetContactCasesByCaseOriginCustom0jIW20000000umzMAAItem3","Name":"DRGetContactCasesByCaseOrigin","OutputCreationSequence":0,"DefaultValue":"","VlocityRecordSObjectType":"OmniDataTransformItem","LookupReturnedFieldName":"","IsRequiredForUpsert":false,"MigrationProcess":"","FilterDataType":"","VlocityDataPackIsIncluded":true,"InputObjectName":"","FormulaExpression":"LISTSIZE(Case)","OmniDataTransformationId":{"VlocityRecordSObjectType":"OmniDataTransform","VlocityDataPackType":"VlocityMatchingKeyObject","VlocityMatchingRecordSourceKey":"VlocityRecordSourceKey:0jIW20000000umzMAA","Name":"DRGetContactCasesByCaseOrigin"},"LookupObjectName":"","MigrationAttribute":"","MigrationGroup":"","FilterValue":"","FilterOperator":"","MigrationKey":"","InputFieldName":"","VlocityRecordSourceKey":"VlocityRecordSourceKey:0kdW20000003XCOIA2","IsUpsertKey":false,"LookupByFieldName":"","OutputFieldFormat":"","TransformValueMappings":"","Id":"0kdW20000003XCOIA2","OutputObjectName":"Formula"},{"MigrationPattern":"","InputObjectQuerySequence":1,"FormulaResultPath":"","VlocityDataPackType":"SObject","FormulaSequence":"","LinkedFieldName":"","IsDisabled":false,"MigrationCategory":"","MigrationType":"","OutputFieldName":"Contact","MigrationValue":"","FilterGroup":0,"LinkedObjectSequence":"","GlobalKey":"DRGetContactCasesByCaseOriginCustom0jIW20000000umzMAAItem4","Name":"DRGetContactCasesByCaseOrigin","OutputCreationSequence":0,"DefaultValue":"","VlocityRecordSObjectType":"OmniDataTransformItem","LookupReturnedFieldName":"","IsRequiredForUpsert":false,"MigrationProcess":"","FilterDataType":"","VlocityDataPackIsIncluded":true,"InputObjectName":"Contact","FormulaExpression":"","OmniDataTransformationId":{"VlocityRecordSObjectType":"OmniDataTransform","VlocityDataPackType":"VlocityMatchingKeyObject","VlocityMatchingRecordSourceKey":"VlocityRecordSourceKey:0jIW20000000umzMAA","Name":"DRGetContactCasesByCaseOrigin"},"LookupObjectName":"","MigrationAttribute":"","MigrationGroup":"","FilterValue":"Id","FilterOperator":"=","InputFieldName":"Id","MigrationKey":"","VlocityRecordSourceKey":"VlocityRecordSourceKey:0kdW20000003XCPIA2","IsUpsertKey":false,"LookupByFieldName":"","OutputFieldFormat":"","TransformValueMappings":"","Id":"0kdW20000003XCPIA2","OutputObjectName":"json"},{"MigrationPattern":"","InputObjectQuerySequence":"","FormulaResultPath":"","VlocityDataPackType":"SObject","FormulaSequence":"","LinkedFieldName":"","IsDisabled":false,"MigrationCategory":"","MigrationType":"","OutputFieldName":"Case:CaseNumber","MigrationValue":"","FilterGroup":"","LinkedObjectSequence":"","GlobalKey":"DRGetContactCasesByCaseOriginCustom0jIW20000000umzMAAItem5","Name":"DRGetContactCasesByCaseOrigin","OutputCreationSequence":1,"DefaultValue":"","VlocityRecordSObjectType":"OmniDataTransformItem","LookupReturnedFieldName":"","IsRequiredForUpsert":false,"MigrationProcess":"","FilterDataType":"","VlocityDataPackIsIncluded":true,"InputObjectName":"","FormulaExpression":"","OmniDataTransformationId":{"VlocityRecordSObjectType":"OmniDataTransform","VlocityDataPackType":"VlocityMatchingKeyObject","VlocityMatchingRecordSourceKey":"VlocityRecordSourceKey:0jIW20000000umzMAA","Name":"DRGetContactCasesByCaseOrigin"},"LookupObjectName":"","MigrationAttribute":"","MigrationGroup":"","FilterValue":"","FilterOperator":"","InputFieldName":"Case:CaseNumber","MigrationKey":"","VlocityRecordSourceKey":"VlocityRecordSourceKey:0kdW20000003XCQIA2","IsUpsertKey":false,"LookupByFieldName":"","OutputFieldFormat":"","TransformValueMappings":"","Id":"0kdW20000003XCQIA2","OutputObjectName":"json"},{"MigrationPattern":"","InputObjectQuerySequence":"","FormulaResultPath":"","VlocityDataPackType":"SObject","FormulaSequence":"","LinkedFieldName":"","IsDisabled":false,"MigrationCategory":"","MigrationType":"","OutputFieldName":"Case:CreatedDate","MigrationValue":"","FilterGroup":"","LinkedObjectSequence":"","GlobalKey":"DRGetContactCasesByCaseOriginCustom0jIW20000000umzMAAItem6","Name":"DRGetContactCasesByCaseOrigin","OutputCreationSequence":1,"DefaultValue":"","VlocityRecordSObjectType":"OmniDataTransformItem","LookupReturnedFieldName":"","IsRequiredForUpsert":false,"MigrationProcess":"","FilterDataType":"","VlocityDataPackIsIncluded":true,"InputObjectName":"","FormulaExpression":"","OmniDataTransformationId":{"VlocityRecordSObjectType":"OmniDataTransform","VlocityDataPackType":"VlocityMatchingKeyObject","VlocityMatchingRecordSourceKey":"VlocityRecordSourceKey:0jIW20000000umzMAA","Name":"DRGetContactCasesByCaseOrigin"},"LookupObjectName":"","MigrationAttribute":"","MigrationGroup":"","FilterValue":"","FilterOperator":"","InputFieldName":"Case:CreatedDate","MigrationKey":"","VlocityRecordSourceKey":"VlocityRecordSourceKey:0kdW20000003XCRIA2","IsUpsertKey":false,"OutputFieldFormat":"Date(dd/MM/yyyy)","LookupByFieldName":"","TransformValueMappings":"","Id":"0kdW20000003XCRIA2","OutputObjectName":"json"},{"MigrationPattern":"","InputObjectQuerySequence":"","FormulaResultPath":"","VlocityDataPackType":"SObject","FormulaSequence":"","LinkedFieldName":"","IsDisabled":false,"MigrationCategory":"","MigrationType":"","OutputFieldName":"Case:Status","MigrationValue":"","FilterGroup":"","LinkedObjectSequence":"","GlobalKey":"DRGetContactCasesByCaseOriginCustom0jIW20000000umzMAAItem7","Name":"DRGetContactCasesByCaseOrigin","OutputCreationSequence":1,"DefaultValue":"","VlocityRecordSObjectType":"OmniDataTransformItem","LookupReturnedFieldName":"","IsRequiredForUpsert":false,"MigrationProcess":"","FilterDataType":"","VlocityDataPackIsIncluded":true,"InputObjectName":"","FormulaExpression":"","OmniDataTransformationId":{"VlocityRecordSObjectType":"OmniDataTransform","VlocityDataPackType":"VlocityMatchingKeyObject","VlocityMatchingRecordSourceKey":"VlocityRecordSourceKey:0jIW20000000umzMAA","Name":"DRGetContactCasesByCaseOrigin"},"LookupObjectName":"","MigrationAttribute":"","MigrationGroup":"","FilterValue":"","FilterOperator":"","InputFieldName":"Case:Status","MigrationKey":"","VlocityRecordSourceKey":"VlocityRecordSourceKey:0kdW20000003XCSIA2","IsUpsertKey":false,"LookupByFieldName":"","OutputFieldFormat":"","TransformValueMappings":"","Id":"0kdW20000003XCSIA2","OutputObjectName":"json"},{"MigrationPattern":"","InputObjectQuerySequence":"","FormulaResultPath":"","VlocityDataPackType":"SObject","FormulaSequence":"","LinkedFieldName":"","IsDisabled":false,"MigrationCategory":"","MigrationType":"","OutputFieldName":"Case:Subject","MigrationValue":"","FilterGroup":"","LinkedObjectSequence":"","GlobalKey":"DRGetContactCasesByCaseOriginCustom0jIW20000000umzMAAItem8","Name":"DRGetContactCasesByCaseOrigin","OutputCreationSequence":1,"DefaultValue":"","VlocityRecordSObjectType":"OmniDataTransformItem","LookupReturnedFieldName":"","IsRequiredForUpsert":false,"MigrationProcess":"","FilterDataType":"","VlocityDataPackIsIncluded":true,"InputObjectName":"","FormulaExpression":"","OmniDataTransformationId":{"VlocityRecordSObjectType":"OmniDataTransform","VlocityDataPackType":"VlocityMatchingKeyObject","VlocityMatchingRecordSourceKey":"VlocityRecordSourceKey:0jIW20000000umzMAA","Name":"DRGetContactCasesByCaseOrigin"},"LookupObjectName":"","MigrationAttribute":"","MigrationGroup":"","FilterValue":"","FilterOperator":"","InputFieldName":"Case:Subject","MigrationKey":"","VlocityRecordSourceKey":"VlocityRecordSourceKey:0kdW20000003XCTIA2","IsUpsertKey":false,"LookupByFieldName":"","OutputFieldFormat":"","TransformValueMappings":"","Id":"0kdW20000003XCTIA2","OutputObjectName":"json"},{"MigrationPattern":"","InputObjectQuerySequence":"","FormulaResultPath":"","VlocityDataPackType":"SObject","FormulaSequence":"","LinkedFieldName":"","IsDisabled":false,"MigrationCategory":"","MigrationType":"","OutputFieldName":"Case:Description","MigrationValue":"","FilterGroup":"","LinkedObjectSequence":"","GlobalKey":"DRGetContactCasesByCaseOriginCustom0jIW20000000umzMAAItem9","Name":"DRGetContactCasesByCaseOrigin","OutputCreationSequence":1,"DefaultValue":"","VlocityRecordSObjectType":"OmniDataTransformItem","LookupReturnedFieldName":"","IsRequiredForUpsert":false,"MigrationProcess":"","FilterDataType":"","VlocityDataPackIsIncluded":true,"InputObjectName":"","FormulaExpression":"","OmniDataTransformationId":{"VlocityRecordSObjectType":"OmniDataTransform","VlocityDataPackType":"VlocityMatchingKeyObject","VlocityMatchingRecordSourceKey":"VlocityRecordSourceKey:0jIW20000000umzMAA","Name":"DRGetContactCasesByCaseOrigin"},"LookupObjectName":"","MigrationAttribute":"","MigrationGroup":"","FilterValue":"","FilterOperator":"","InputFieldName":"Case:Description","MigrationKey":"","VlocityRecordSourceKey":"VlocityRecordSourceKey:0kdW20000003XCUIA2","IsUpsertKey":false,"LookupByFieldName":"","OutputFieldFormat":"","TransformValueMappings":"","Id":"0kdW20000003XCUIA2","OutputObjectName":"json"},{"MigrationPattern":"","InputObjectQuerySequence":"","FormulaResultPath":"","VlocityDataPackType":"SObject","FormulaSequence":"","LinkedFieldName":"","IsDisabled":false,"MigrationCategory":"","MigrationType":"","OutputFieldName":"Case:Priority","MigrationValue":"","FilterGroup":"","LinkedObjectSequence":"","GlobalKey":"DRGetContactCasesByCaseOriginCustom0jIW20000000umzMAAItem10","Name":"DRGetContactCasesByCaseOrigin","OutputCreationSequence":1,"DefaultValue":"","VlocityRecordSObjectType":"OmniDataTransformItem","LookupReturnedFieldName":"","IsRequiredForUpsert":false,"MigrationProcess":"","FilterDataType":"","VlocityDataPackIsIncluded":true,"InputObjectName":"","FormulaExpression":"","OmniDataTransformationId":{"VlocityRecordSObjectType":"OmniDataTransform","VlocityDataPackType":"VlocityMatchingKeyObject","VlocityMatchingRecordSourceKey":"VlocityRecordSourceKey:0jIW20000000umzMAA","Name":"DRGetContactCasesByCaseOrigin"},"LookupObjectName":"","MigrationAttribute":"","MigrationGroup":"","FilterValue":"","FilterOperator":"","InputFieldName":"Case:Priority","MigrationKey":"","VlocityRecordSourceKey":"VlocityRecordSourceKey:0kdW20000003XCVIA2","IsUpsertKey":false,"LookupByFieldName":"","OutputFieldFormat":"","TransformValueMappings":"","Id":"0kdW20000003XCVIA2","OutputObjectName":"json"},{"MigrationPattern":"","InputObjectQuerySequence":"","FormulaResultPath":"","VlocityDataPackType":"SObject","FormulaSequence":"","LinkedFieldName":"","IsDisabled":false,"MigrationCategory":"","MigrationType":"","OutputFieldName":"NumberOfCases","MigrationValue":"","FilterGroup":"","LinkedObjectSequence":"","GlobalKey":"DRGetContactCasesByCaseOriginCustom0jIW20000000umzMAAItem11","Name":"DRGetContactCasesByCaseOrigin","OutputCreationSequence":1,"DefaultValue":"","VlocityRecordSObjectType":"OmniDataTransformItem","LookupReturnedFieldName":"","IsRequiredForUpsert":false,"MigrationProcess":"","FilterDataType":"","VlocityDataPackIsIncluded":true,"InputObjectName":"","FormulaExpression":"","OmniDataTransformationId":{"VlocityRecordSObjectType":"OmniDataTransform","VlocityDataPackType":"VlocityMatchingKeyObject","VlocityMatchingRecordSourceKey":"VlocityRecordSourceKey:0jIW20000000umzMAA","Name":"DRGetContactCasesByCaseOrigin"},"LookupObjectName":"","MigrationAttribute":"","MigrationGroup":"","FilterValue":"","FilterOperator":"","InputFieldName":"NumberOfCases","MigrationKey":"","VlocityRecordSourceKey":"VlocityRecordSourceKey:0kdW20000003XCWIA2","IsUpsertKey":false,"LookupByFieldName":"","OutputFieldFormat":"","TransformValueMappings":"","Id":"0kdW20000003XCWIA2","OutputObjectName":"json"},{"MigrationPattern":"","InputObjectQuerySequence":"","FormulaResultPath":"","VlocityDataPackType":"SObject","FormulaSequence":"","LinkedFieldName":"","IsDisabled":false,"MigrationCategory":"","MigrationType":"","OutputFieldName":"ContactName","MigrationValue":"","FilterGroup":"","LinkedObjectSequence":"","GlobalKey":"DRGetContactCasesByCaseOriginCustom0jIW20000000umzMAAItem14","Name":"DRGetContactCasesByCaseOrigin","OutputCreationSequence":1,"DefaultValue":"","VlocityRecordSObjectType":"OmniDataTransformItem","LookupReturnedFieldName":"","IsRequiredForUpsert":false,"MigrationProcess":"","FilterDataType":"","VlocityDataPackIsIncluded":true,"InputObjectName":"","FormulaExpression":"","OmniDataTransformationId":{"VlocityRecordSObjectType":"OmniDataTransform","VlocityDataPackType":"VlocityMatchingKeyObject","VlocityMatchingRecordSourceKey":"VlocityRecordSourceKey:0jIW20000000umzMAA","Name":"DRGetContactCasesByCaseOrigin"},"LookupObjectName":"","MigrationAttribute":"","MigrationGroup":"","FilterValue":"","FilterOperator":"","InputFieldName":"Contact:Name","MigrationKey":"","VlocityRecordSourceKey":"VlocityRecordSourceKey:0kdW20000003XCZIA2","IsUpsertKey":false,"LookupByFieldName":"","OutputFieldFormat":"","TransformValueMappings":"","Id":"0kdW20000003XCZIA2","OutputObjectName":"json"},{"MigrationPattern":"","InputObjectQuerySequence":"","FormulaResultPath":"","VlocityDataPackType":"SObject","FormulaSequence":"","LinkedFieldName":"","IsDisabled":false,"MigrationCategory":"","MigrationType":"","OutputFieldName":"AccountName","MigrationValue":"","FilterGroup":"","LinkedObjectSequence":"","GlobalKey":"DRGetContactCasesByCaseOriginCustom0jIW20000000umzMAAItem15","Name":"DRGetContactCasesByCaseOrigin","OutputCreationSequence":1,"DefaultValue":"","VlocityRecordSObjectType":"OmniDataTransformItem","LookupReturnedFieldName":"","IsRequiredForUpsert":false,"MigrationProcess":"","FilterDataType":"","VlocityDataPackIsIncluded":true,"InputObjectName":"","FormulaExpression":"","OmniDataTransformationId":{"VlocityRecordSObjectType":"OmniDataTransform","VlocityDataPackType":"VlocityMatchingKeyObject","VlocityMatchingRecordSourceKey":"VlocityRecordSourceKey:0jIW20000000umzMAA","Name":"DRGetContactCasesByCaseOrigin"},"LookupObjectName":"","MigrationAttribute":"","MigrationGroup":"","FilterValue":"","FilterOperator":"","InputFieldName":"Contact:Account.Name","MigrationKey":"","VlocityRecordSourceKey":"VlocityRecordSourceKey:0kdW20000003XCaIAM","IsUpsertKey":false,"LookupByFieldName":"","OutputFieldFormat":"","TransformValueMappings":"","Id":"0kdW20000003XCaIAM","OutputObjectName":"json"},{"MigrationPattern":"","InputObjectQuerySequence":"","FormulaResultPath":"","VlocityDataPackType":"SObject","FormulaSequence":"","LinkedFieldName":"","IsDisabled":false,"MigrationCategory":"","MigrationType":"","OutputFieldName":"Title","MigrationValue":"","FilterGroup":"","LinkedObjectSequence":"","GlobalKey":"DRGetContactCasesByCaseOriginCustom0jIW20000000umzMAAItem16","Name":"DRGetContactCasesByCaseOrigin","OutputCreationSequence":1,"DefaultValue":"","VlocityRecordSObjectType":"OmniDataTransformItem","LookupReturnedFieldName":"","IsRequiredForUpsert":false,"MigrationProcess":"","FilterDataType":"","VlocityDataPackIsIncluded":true,"InputObjectName":"","FormulaExpression":"","OmniDataTransformationId":{"VlocityRecordSObjectType":"OmniDataTransform","VlocityDataPackType":"VlocityMatchingKeyObject","VlocityMatchingRecordSourceKey":"VlocityRecordSourceKey:0jIW20000000umzMAA","Name":"DRGetContactCasesByCaseOrigin"},"LookupObjectName":"","MigrationAttribute":"","MigrationGroup":"","FilterValue":"","FilterOperator":"","InputFieldName":"Contact:Title","MigrationKey":"","VlocityRecordSourceKey":"VlocityRecordSourceKey:0kdW20000003XCbIAM","IsUpsertKey":false,"LookupByFieldName":"","OutputFieldFormat":"","TransformValueMappings":"","Id":"0kdW20000003XCbIAM","OutputObjectName":"json"},{"MigrationPattern":"","InputObjectQuerySequence":"","FormulaResultPath":"","VlocityDataPackType":"SObject","FormulaSequence":"","LinkedFieldName":"","IsDisabled":false,"MigrationCategory":"","MigrationType":"","OutputFieldName":"Case:Origin","MigrationValue":"","FilterGroup":"","LinkedObjectSequence":"","GlobalKey":"DRGetContactCasesByCaseOriginCustom0jIW20000000umzMAAItem17","Name":"DRGetContactCasesByCaseOrigin","OutputCreationSequence":1,"DefaultValue":"","VlocityRecordSObjectType":"OmniDataTransformItem","LookupReturnedFieldName":"","IsRequiredForUpsert":false,"MigrationProcess":"","FilterDataType":"","VlocityDataPackIsIncluded":true,"InputObjectName":"","FormulaExpression":"","OmniDataTransformationId":{"VlocityRecordSObjectType":"OmniDataTransform","VlocityDataPackType":"VlocityMatchingKeyObject","VlocityMatchingRecordSourceKey":"VlocityRecordSourceKey:0jIW20000000umzMAA","Name":"DRGetContactCasesByCaseOrigin"},"LookupObjectName":"","MigrationAttribute":"","MigrationGroup":"","FilterValue":"","FilterOperator":"","InputFieldName":"Case:Origin","MigrationKey":"","VlocityRecordSourceKey":"VlocityRecordSourceKey:0kdW20000003XCcIAM","IsUpsertKey":false,"LookupByFieldName":"","OutputFieldFormat":"","TransformValueMappings":"","Id":"0kdW20000003XCcIAM","OutputObjectName":"json"}],"VlocityDataPackIsIncluded":true,"PreviewSourceObjectData":"","OutputType":"JSON","PreviewJsonData":"{\"Id\":\"003W2000000GydHIAS\"}","IsRollbackOnError":false,"BatchSize":"","ResponseCacheType":"","IsNullInputsIncludedInOutput":false,"VersionNumber":1,"Namespace":"","OutputParsingClass":"","Type":"Extract","IsErrorIgnored":false,"ExpectedInputJson":"","VlocityRecordSourceKey":"VlocityRecordSourceKey:0jIW20000000umzMAA","ExpectedInputXml":"","RequiredPermission":"","PreviewXmlData":"","InputType":"JSON","Id":"0jIW20000000umzMAA","ResponseCacheTtlMinutes":"","TargetOutputFileName":"","UniqueName":"","IsFieldLevelSecurityEnabled":false,"PreprocessorClassName":""}],"Id":"0jIW20000000umzMAA","VlocityDataPackRelationshipType":"Sibling","VlocityDataPackLabel":"DataRaptor","VlocityDataPackType":"DataRaptor","VlocityDataPackKey":"5deb3d332e00eedfdd9e5dc48e1ddb22","VlocityDataPackIsIncluded":true},"VlocityDataPackAllRelationships":{},"DataPackAttachmentSize":21866,"DataPackAttachmentParentId":"0ncW20000001LGvIAM","DataPackAttachmentId":"00PW2000000CO0AMAW","ActivationStatus":"NA"}],"dataPackId":"0ncW20000001LGvIAM","alreadyExportedKeys":[],"name":"DRGetContactCasesByCaseOrigin","version":1}