{"warnings":{"f0d0927ea72d9dbe81a940fda1426ab6":[{"VlocityPrimarySourceId":null,"VlocityPreviousPageKey":null,"VlocityMultiPackParentKey":null,"VlocityDepthFromPrimary":0,"VlocityDataPackType":"Apex Class","VlocityDataPackStatus":"Not Included","VlocityDataPackRelationshipType":"Metadata","VlocityDataPackRecords":null,"VlocityDataPackParents":[],"VlocityDataPackName":"DocumentServiceGateway","VlocityDataPackMessage":"Apex Class Export Not Supported","VlocityDataPackLabel":"Apex Class","VlocityDataPackKey":"f0d0927ea72d9dbe81a940fda1426ab6","VlocityDataPackIsNotSupported":false,"VlocityDataPackIsIncluded":true,"VlocityDataPackData":null,"VlocityDataPackAllRelationships":null,"DataPackAttachmentSize":1005,"DataPackAttachmentParentId":"0ncW20000001FHxIAM","DataPackAttachmentId":"00PW2000000AdbBMAS","ActivationStatus":"NA","isWarning":true,"id":"f0d0927ea72d9dbe81a940fda1426ab6"}]},"useVlocityTriggers":true,"status":"Complete","processMultiple":true,"primaryDataPackType":"OmniScript","primaryDataPackKey":"a5ffe69b6106f9cd5a189711d0383854","maxDepth":-1,"isChunked":false,"ignoreAllErrors":false,"forceQueueable":false,"forceOldDataModel":null,"dataPacks":[{"VlocityPrimarySourceId":"0jNW20000001GAnMAM","VlocityPreviousPageKey":null,"VlocityMultiPackParentKey":null,"VlocityDepthFromPrimary":0,"VlocityDataPackType":"OmniScript","VlocityDataPackStatus":"Success","VlocityDataPackRelationshipType":"Primary","VlocityDataPackRecords":[],"VlocityDataPackParents":[],"VlocityDataPackName":"ContactCaseReport","VlocityDataPackMessage":null,"VlocityDataPackLabel":"OmniScript","VlocityDataPackKey":"a5ffe69b6106f9cd5a189711d0383854","VlocityDataPackIsNotSupported":false,"VlocityDataPackIsIncluded":true,"VlocityDataPackData":{"Id":"0jNW20000001GAnMAM","VlocityDataPackRelationshipType":"Primary","VlocityDataPackLabel":"OmniScript","VlocityDataPackType":"OmniScript","VlocityDataPackKey":"a5ffe69b6106f9cd5a189711d0383854","OmniProcess":[{"IsMetadataCacheDisabled":false,"IsTestProcedure":false,"Description":"","OverrideKey":"","IsActive":true,"VlocityDataPackType":"SObject","Name":"ContactCaseReport","OmniProcessKey":"","VlocityRecordSObjectType":"OmniProcess","Language":"English","PropertySetConfig":"{\"persistentComponent\":[{\"render\":false,\"label\":\"\",\"remoteClass\":\"\",\"remoteMethod\":\"\",\"remoteTimeout\":30000,\"remoteOptions\":{\"preTransformBundle\":\"\",\"postTransformBundle\":\"\"},\"preTransformBundle\":\"\",\"postTransformBundle\":\"\",\"sendJSONPath\":\"\",\"sendJSONNode\":\"\",\"responseJSONPath\":\"\",\"responseJSONNode\":\"\",\"id\":\"vlcCart\",\"itemsKey\":\"cartItems\",\"modalConfigurationSetting\":{\"modalHTMLTemplateId\":\"vlcProductConfig.html\",\"modalController\":\"ModalProductCtrl\",\"modalSize\":\"lg\"}},{\"render\":false,\"dispOutsideOmni\":false,\"label\":\"\",\"remoteClass\":\"\",\"remoteMethod\":\"\",\"remoteTimeout\":30000,\"remoteOptions\":{\"preTransformBundle\":\"\",\"postTransformBundle\":\"\"},\"preTransformBundle\":\"\",\"postTransformBundle\":\"\",\"id\":\"vlcKnowledge\",\"itemsKey\":\"knowledgeItems\",\"modalConfigurationSetting\":{\"modalHTMLTemplateId\":\"\",\"modalController\":\"\",\"modalSize\":\"lg\"}}],\"allowSaveForLater\":true,\"saveNameTemplate\":null,\"saveExpireInDays\":null,\"saveForLaterRedirectPageName\":\"sflRedirect\",\"saveForLaterRedirectTemplateUrl\":\"vlcSaveForLaterAcknowledge.html\",\"saveContentEncoded\":false,\"saveObjectId\":\"%ContextId%\",\"saveURLPatterns\":{},\"autoSaveOnStepNext\":false,\"elementTypeToHTMLTemplateMapping\":{},\"seedDataJSON\":{},\"trackingCustomData\":{},\"enableKnowledge\":false,\"bLK\":false,\"lkObjName\":null,\"knowledgeArticleTypeQueryFieldsMap\":{},\"timeTracking\":false,\"hideStepChart\":false,\"mergeSavedData\":false,\"visualforcePagesAvailableInPreview\":{},\"cancelType\":\"SObject\",\"allowCancel\":true,\"cancelSource\":\"%ContextId%\",\"cancelRedirectPageName\":\"OmniScriptCancelled\",\"cancelRedirectTemplateUrl\":\"vlcCancelled.html\",\"consoleTabLabel\":\"New\",\"wpm\":false,\"ssm\":false,\"message\":{},\"pubsub\":false,\"autoFocus\":false,\"currencyCode\":\"\",\"showInputWidth\":false,\"rtpSeed\":false,\"consoleTabTitle\":null,\"consoleTabIcon\":\"custom:custom18\",\"errorMessage\":{\"custom\":[]},\"stylesheet\":{\"newport\":\"\",\"lightning\":\"\",\"newportRtl\":\"\",\"lightningRtl\":\"\"},\"stepChartPlacement\":\"right\",\"disableUnloadWarn\":true,\"scrollBehavior\":\"auto\",\"currentLanguage\":\"en_US\"}","LastPreviewPage":"","OmniProcessType":"OmniScript","ElementTypeComponentMapping":"{\"ElementTypeToHTMLTemplateList\":[]}","VlocityDataPackIsIncluded":true,"SubType":"ContactCaseReport","ResponseCacheType":"","IsOmniScriptEmbeddable":false,"IsIntegrationProcedure":false,"CustomJavaScript":"","VersionNumber":1,"DesignerCustomizationType":"","Namespace":"","Type":"docGenerationSample","WebComponentKey":"01d7dbcb-9fd3-8595-f386-cf3a4ededf41","VlocityRecordSourceKey":"VlocityRecordSourceKey:0jNW20000001GAnMAM","RequiredPermission":"","IsWebCompEnabled":true,"OmniProcessElement":[{"Description":"","IsActive":true,"VlocityDataPackType":"SObject","IsOmniScriptEmbeddable":false,"DesignerCustomizationType":"","Name":"ErrorMessage","ParentElementName":"ErrorHandling","EmbeddedOmniScriptKey":"","Type":"Text Block","ParentElementId":{"VlocityRecordSObjectType":"OmniProcessElement","VlocityDataPackType":"VlocityMatchingKeyObject","VlocityMatchingRecordSourceKey":"VlocityRecordSourceKey:0kEW20000005eUtMAI","OmniProcessId":{"VlocityRecordSObjectType":"OmniProcess","VlocityDataPackType":"VlocityMatchingKeyObject","VlocityMatchingRecordSourceKey":"VlocityRecordSourceKey:0jNW20000001GAnMAM","Name":"ContactCaseReport"},"Name":"ErrorHandling"},"VlocityRecordSObjectType":"OmniProcessElement","VlocityRecordSourceKey":"VlocityRecordSourceKey:0kEW20000005eUfMAI","OmniProcessVersionNumber":1,"PropertySetConfig":"{\"controlWidth\":12,\"label\":\"TextBlock1\",\"text\":\"<p>An error was encountered: %errorMessage%</p>\\n<p></p>\\n<p>Please resolve the error and repeat the execution.</p>\",\"show\":null,\"dataJSON\":false,\"HTMLTemplateId\":\"\",\"textKey\":\"\",\"sanitize\":false}","SequenceNumber":1,"OmniProcessId":{"VlocityRecordSObjectType":"OmniProcess","VlocityDataPackType":"VlocityMatchingKeyObject","VlocityMatchingRecordSourceKey":"VlocityRecordSourceKey:0jNW20000001GAnMAM","Name":"ContactCaseReport"},"Level":1,"Id":"0kEW20000005eUfMAI","VlocityDataPackIsIncluded":true,"ParentElementType":"Step"},{"Description":"","IsActive":true,"VlocityDataPackType":"SObject","IsOmniScriptEmbeddable":false,"DesignerCustomizationType":"","Name":"ServerSideDocGenerationWithTokenData","ParentElementName":"","EmbeddedOmniScriptKey":"","Type":"Integration Procedure Action","VlocityRecordSObjectType":"OmniProcessElement","ParentElementId":"","VlocityRecordSourceKey":"VlocityRecordSourceKey:0kEW20000005eUhMAI","OmniProcessVersionNumber":1,"PropertySetConfig":"{\"controlWidth\":12,\"label\":\"ServerSideDocGeneration\",\"integrationProcedureKey\":\"DocumentServiceGateway_DocGenerationWithTokenData\",\"useContinuation\":false,\"remoteOptions\":{\"preTransformBundle\":\"\",\"postTransformBundle\":\"\",\"useFuture\":false,\"chainable\":false},\"remoteTimeout\":30000,\"preTransformBundle\":\"\",\"postTransformBundle\":\"\",\"sendJSONPath\":\"\",\"sendJSONNode\":\"\",\"responseJSONPath\":\"\",\"responseJSONNode\":\"\",\"extraPayload\":{\"objectId\":\"%contextId%\",\"templateId\":\"2dtW20000000JSTIA2\",\"title\":\"%documentTitle%\",\"returnAsPdf\":\"%returnAsPdf%\",\"keepIntermediate\":\"%keepIntermediate%\",\"tokenDataMap\":\"%TokenDataMap%\",\"outputFileFormat\":\"%outputFileFormat%\"},\"inProgressMessage\":\"In Progress\",\"postMessage\":\"Done\",\"failureNextLabel\":\"Continue\",\"failureAbortLabel\":\"Abort\",\"failureGoBackLabel\":\"Go Back\",\"failureAbortMessage\":\"Are you sure?\",\"validationRequired\":\"Step\",\"redirectPageName\":\"\",\"redirectTemplateUrl\":\"vlcAcknowledge.html\",\"redirectNextLabel\":\"Next\",\"redirectNextWidth\":3,\"redirectPreviousLabel\":\"Previous\",\"redirectPreviousWidth\":3,\"showPersistentComponent\":[true,false],\"show\":null,\"HTMLTemplateId\":\"\",\"wpm\":false,\"ssm\":false,\"message\":{},\"pubsub\":false,\"svgSprite\":\"\",\"svgIcon\":\"\",\"errorMessage\":{\"custom\":[],\"default\":null},\"enableDefaultAbort\":false,\"enableActionMessage\":false,\"businessCategory\":\"\",\"businessEvent\":\"\"}","SequenceNumber":3,"OmniProcessId":{"VlocityRecordSObjectType":"OmniProcess","VlocityDataPackType":"VlocityMatchingKeyObject","VlocityMatchingRecordSourceKey":"VlocityRecordSourceKey:0jNW20000001GAnMAM","Name":"ContactCaseReport"},"Level":0,"Id":"0kEW20000005eUhMAI","VlocityDataPackIsIncluded":true,"ParentElementType":""},{"Description":"","IsActive":true,"VlocityDataPackType":"SObject","IsOmniScriptEmbeddable":false,"DesignerCustomizationType":"","Name":"ResponseMessage","ParentElementName":"","EmbeddedOmniScriptKey":"","Type":"Step","VlocityRecordSObjectType":"OmniProcessElement","ParentElementId":"","VlocityRecordSourceKey":"VlocityRecordSourceKey:0kEW20000005eUqMAI","OmniProcessVersionNumber":1,"PropertySetConfig":"{\"label\":\"Response Message\",\"validationRequired\":true,\"previousLabel\":\"Previous\",\"previousWidth\":3,\"nextLabel\":\"Next\",\"nextWidth\":3,\"cancelLabel\":\"Cancel\",\"cancelMessage\":\"Are you sure?\",\"saveLabel\":\"Save for later\",\"saveMessage\":\"Are you sure you want to save it for later?\",\"completeLabel\":\"Complete\",\"completeMessage\":\"Are you sure you want to complete the script?\",\"instruction\":\"\",\"showPersistentComponent\":[true,false],\"remoteClass\":\"\",\"remoteMethod\":\"\",\"remoteTimeout\":30000,\"remoteOptions\":{},\"knowledgeOptions\":{\"language\":\"English\",\"publishStatus\":\"Online\",\"keyword\":\"\",\"dataCategoryCriteria\":\"\",\"remoteTimeout\":30000,\"typeFilter\":\"\"},\"show\":null,\"conditionType\":\"Hide if False\",\"HTMLTemplateId\":\"\",\"instructionKey\":\"\",\"chartLabel\":null,\"allowSaveForLater\":true,\"errorMessage\":{\"custom\":[],\"default\":null},\"wpm\":false,\"ssm\":false,\"message\":{},\"pubsub\":false,\"businessCategory\":\"\",\"businessEvent\":\"\"}","SequenceNumber":5,"OmniProcessId":{"VlocityRecordSObjectType":"OmniProcess","VlocityDataPackType":"VlocityMatchingKeyObject","VlocityMatchingRecordSourceKey":"VlocityRecordSourceKey:0jNW20000001GAnMAM","Name":"ContactCaseReport"},"Level":0,"Id":"0kEW20000005eUqMAI","VlocityDataPackIsIncluded":true,"ParentElementType":""},{"Description":"","IsActive":true,"VlocityDataPackType":"SObject","IsOmniScriptEmbeddable":false,"DesignerCustomizationType":"","Name":"SetGenerationServiceInputParams","ParentElementName":"","EmbeddedOmniScriptKey":"","Type":"Set Values","VlocityRecordSObjectType":"OmniProcessElement","ParentElementId":"","VlocityRecordSourceKey":"VlocityRecordSourceKey:0kEW20000005eUsMAI","OmniProcessVersionNumber":1,"PropertySetConfig":"{\"controlWidth\":12,\"label\":\"\",\"elementValueMap\":{\"templateType\":\"MicrosoftWord\",\"documentTitle\":\"Contact Case Report\",\"objectId\":\"%EnterObject:ObjectId%\",\"outputFileFormat\":\"pdf\",\"tokenDataMap\":\"==%TokenDataMap%\",\"attachFileFormat\":\"pdf\",\"downloadFileFormat\":\"pdf\",\"contextId\":\"%EnterObject:ObjectId%\"},\"showPersistentComponent\":[true,false],\"show\":null,\"HTMLTemplateId\":\"\",\"wpm\":false,\"ssm\":false,\"message\":{},\"pubsub\":false}","SequenceNumber":2,"OmniProcessId":{"VlocityRecordSObjectType":"OmniProcess","VlocityDataPackType":"VlocityMatchingKeyObject","VlocityMatchingRecordSourceKey":"VlocityRecordSourceKey:0jNW20000001GAnMAM","Name":"ContactCaseReport"},"Level":0,"Id":"0kEW20000005eUsMAI","VlocityDataPackIsIncluded":true,"ParentElementType":""},{"Description":"","IsActive":true,"VlocityDataPackType":"SObject","IsOmniScriptEmbeddable":false,"DesignerCustomizationType":"","Name":"ErrorHandling","ParentElementName":"","EmbeddedOmniScriptKey":"","Type":"Step","VlocityRecordSObjectType":"OmniProcessElement","ParentElementId":"","VlocityRecordSourceKey":"VlocityRecordSourceKey:0kEW20000005eUtMAI","OmniProcessVersionNumber":1,"PropertySetConfig":"{\"label\":\"Error\",\"validationRequired\":true,\"previousLabel\":\"Previous\",\"previousWidth\":3,\"nextLabel\":\"Next\",\"nextWidth\":3,\"cancelLabel\":\"Cancel\",\"cancelMessage\":\"Are you sure?\",\"saveLabel\":\"Save for later\",\"saveMessage\":\"Are you sure you want to save it for later?\",\"completeLabel\":\"Complete\",\"completeMessage\":\"Are you sure you want to complete the script?\",\"instruction\":\"\",\"showPersistentComponent\":[true,false],\"remoteClass\":\"\",\"remoteMethod\":\"\",\"remoteTimeout\":30000,\"remoteOptions\":{},\"knowledgeOptions\":{\"language\":\"English\",\"publishStatus\":\"Online\",\"keyword\":\"\",\"dataCategoryCriteria\":\"\",\"remoteTimeout\":30000,\"typeFilter\":\"\"},\"show\":{\"group\":{\"operator\":\"AND\",\"rules\":[{\"data\":\"false\",\"condition\":\"=\",\"field\":\"isSuccessfulTransaction\"}]}},\"conditionType\":\"Hide if False\",\"HTMLTemplateId\":\"\",\"instructionKey\":\"\",\"chartLabel\":null,\"allowSaveForLater\":true,\"errorMessage\":{\"custom\":[],\"default\":null},\"wpm\":false,\"ssm\":false,\"message\":{},\"pubsub\":false,\"businessCategory\":\"\",\"businessEvent\":\"\"}","SequenceNumber":4,"OmniProcessId":{"VlocityRecordSObjectType":"OmniProcess","VlocityDataPackType":"VlocityMatchingKeyObject","VlocityMatchingRecordSourceKey":"VlocityRecordSourceKey:0jNW20000001GAnMAM","Name":"ContactCaseReport"},"Level":0,"Id":"0kEW20000005eUtMAI","VlocityDataPackIsIncluded":true,"ParentElementType":""},{"Description":"","IsActive":false,"VlocityDataPackType":"SObject","IsOmniScriptEmbeddable":false,"DesignerCustomizationType":"","Name":"IPMessage","ParentElementName":"ResponseMessage","EmbeddedOmniScriptKey":"","Type":"Validation","ParentElementId":{"VlocityRecordSObjectType":"OmniProcessElement","VlocityDataPackType":"VlocityMatchingKeyObject","VlocityMatchingRecordSourceKey":"VlocityRecordSourceKey:0kEW20000005eUqMAI","OmniProcessId":{"VlocityRecordSObjectType":"OmniProcess","VlocityDataPackType":"VlocityMatchingKeyObject","VlocityMatchingRecordSourceKey":"VlocityRecordSourceKey:0jNW20000001GAnMAM","Name":"ContactCaseReport"},"Name":"ResponseMessage"},"VlocityRecordSObjectType":"OmniProcessElement","VlocityRecordSourceKey":"VlocityRecordSourceKey:0kEW20000005eUuMAI","OmniProcessVersionNumber":1,"PropertySetConfig":"{\"controlWidth\":12,\"label\":\"IP Message\",\"validateExpression\":null,\"messages\":[{\"value\":true,\"type\":\"Success\",\"text\":\"\",\"active\":true},{\"value\":false,\"type\":\"Requirement\",\"text\":\"\",\"active\":true}],\"hideLabel\":true,\"show\":null,\"HTMLTemplateId\":\"\"}","SequenceNumber":1,"OmniProcessId":{"VlocityRecordSObjectType":"OmniProcess","VlocityDataPackType":"VlocityMatchingKeyObject","VlocityMatchingRecordSourceKey":"VlocityRecordSourceKey:0jNW20000001GAnMAM","Name":"ContactCaseReport"},"Level":1,"Id":"0kEW20000005eUuMAI","VlocityDataPackIsIncluded":true,"ParentElementType":"Step"},{"Description":"","IsActive":false,"VlocityDataPackType":"SObject","IsOmniScriptEmbeddable":false,"DesignerCustomizationType":"","Name":"TextBlock1","ParentElementName":"ErrorHandling","EmbeddedOmniScriptKey":"","Type":"Text Block","ParentElementId":{"VlocityRecordSObjectType":"OmniProcessElement","VlocityDataPackType":"VlocityMatchingKeyObject","VlocityMatchingRecordSourceKey":"VlocityRecordSourceKey:0kEW20000005eUtMAI","OmniProcessId":{"VlocityRecordSObjectType":"OmniProcess","VlocityDataPackType":"VlocityMatchingKeyObject","VlocityMatchingRecordSourceKey":"VlocityRecordSourceKey:0jNW20000001GAnMAM","Name":"ContactCaseReport"},"Name":"ErrorHandling"},"VlocityRecordSObjectType":"OmniProcessElement","VlocityRecordSourceKey":"VlocityRecordSourceKey:0kEW20000005eUvMAI","OmniProcessVersionNumber":1,"PropertySetConfig":"{\"controlWidth\":12,\"label\":\"TextBlock1\",\"text\":\"\",\"show\":null, \"dataJSON\":false,\"HTMLTemplateId\":\"\",\"textKey\":\"\",\"sanitize\":false}","SequenceNumber":0,"OmniProcessId":{"VlocityRecordSObjectType":"OmniProcess","VlocityDataPackType":"VlocityMatchingKeyObject","VlocityMatchingRecordSourceKey":"VlocityRecordSourceKey:0jNW20000001GAnMAM","Name":"ContactCaseReport"},"Level":1,"Id":"0kEW20000005eUvMAI","VlocityDataPackIsIncluded":true,"ParentElementType":"Step"},{"Description":"","IsActive":true,"VlocityDataPackType":"SObject","IsOmniScriptEmbeddable":false,"DesignerCustomizationType":"","Name":"Success","ParentElementName":"ResponseMessage","EmbeddedOmniScriptKey":"","Type":"Text Block","ParentElementId":{"VlocityRecordSObjectType":"OmniProcessElement","VlocityDataPackType":"VlocityMatchingKeyObject","VlocityMatchingRecordSourceKey":"VlocityRecordSourceKey:0kEW20000005eUqMAI","OmniProcessId":{"VlocityRecordSObjectType":"OmniProcess","VlocityDataPackType":"VlocityMatchingKeyObject","VlocityMatchingRecordSourceKey":"VlocityRecordSourceKey:0jNW20000001GAnMAM","Name":"ContactCaseReport"},"Name":"ResponseMessage"},"VlocityRecordSObjectType":"OmniProcessElement","VlocityRecordSourceKey":"VlocityRecordSourceKey:0kEW20000005eUwMAI","OmniProcessVersionNumber":1,"PropertySetConfig":"{\"controlWidth\":12,\"label\":\"TextBlock2\",\"text\":\"<p>Document Generation Process record was created successfully. The JobID is %jobId%</p>\",\"show\":null,\"dataJSON\":false,\"HTMLTemplateId\":\"\",\"textKey\":\"\",\"sanitize\":false}","SequenceNumber":0,"OmniProcessId":{"VlocityRecordSObjectType":"OmniProcess","VlocityDataPackType":"VlocityMatchingKeyObject","VlocityMatchingRecordSourceKey":"VlocityRecordSourceKey:0jNW20000001GAnMAM","Name":"ContactCaseReport"},"Level":1,"Id":"0kEW20000005eUwMAI","VlocityDataPackIsIncluded":true,"ParentElementType":"Step"},{"Description":"","IsActive":true,"VlocityDataPackType":"SObject","IsOmniScriptEmbeddable":false,"DesignerCustomizationType":"","Name":"EnterObject","ParentElementName":"","EmbeddedOmniScriptKey":"","Type":"Step","VlocityRecordSObjectType":"OmniProcessElement","ParentElementId":"","VlocityRecordSourceKey":"VlocityRecordSourceKey:0kEW20000005eUxMAI","OmniProcessVersionNumber":1,"PropertySetConfig":"{\"label\":\"Enter Object Id\",\"validationRequired\":true,\"previousLabel\":\"Previous\",\"previousWidth\":3,\"nextLabel\":\"Next\",\"nextWidth\":3,\"cancelLabel\":\"Cancel\",\"cancelMessage\":\"Are you sure?\",\"saveLabel\":\"Save for later\",\"saveMessage\":\"Are you sure you want to save it for later?\",\"completeLabel\":\"Complete\",\"completeMessage\":\"Are you sure you want to complete the script?\",\"instruction\":\"\",\"showPersistentComponent\":[true,false],\"remoteClass\":\"\",\"remoteMethod\":\"\",\"remoteTimeout\":30000,\"remoteOptions\":{},\"knowledgeOptions\":{\"language\":\"English\",\"publishStatus\":\"Online\",\"keyword\":\"\",\"dataCategoryCriteria\":\"\",\"remoteTimeout\":30000,\"typeFilter\":\"\"},\"show\":null,\"conditionType\":\"Hide if False\",\"HTMLTemplateId\":\"\",\"instructionKey\":\"\",\"chartLabel\":null,\"allowSaveForLater\":true,\"errorMessage\":{\"custom\":[],\"default\":null},\"wpm\":false,\"ssm\":false,\"message\":{},\"pubsub\":false,\"businessCategory\":\"\",\"businessEvent\":\"\"}","SequenceNumber":0,"OmniProcessId":{"VlocityRecordSObjectType":"OmniProcess","VlocityDataPackType":"VlocityMatchingKeyObject","VlocityMatchingRecordSourceKey":"VlocityRecordSourceKey:0jNW20000001GAnMAM","Name":"ContactCaseReport"},"Level":0,"Id":"0kEW20000005eUxMAI","VlocityDataPackIsIncluded":true,"ParentElementType":""},{"Description":"","IsActive":true,"VlocityDataPackType":"SObject","IsOmniScriptEmbeddable":false,"DesignerCustomizationType":"","Name":"ObjectId","ParentElementName":"EnterObject","EmbeddedOmniScriptKey":"","Type":"Text","ParentElementId":{"VlocityRecordSObjectType":"OmniProcessElement","VlocityDataPackType":"VlocityMatchingKeyObject","VlocityMatchingRecordSourceKey":"VlocityRecordSourceKey:0kEW20000005eUxMAI","OmniProcessId":{"VlocityRecordSObjectType":"OmniProcess","VlocityDataPackType":"VlocityMatchingKeyObject","VlocityMatchingRecordSourceKey":"VlocityRecordSourceKey:0jNW20000001GAnMAM","Name":"ContactCaseReport"},"Name":"EnterObject"},"VlocityRecordSObjectType":"OmniProcessElement","VlocityRecordSourceKey":"VlocityRecordSourceKey:0kEW20000005eUyMAI","OmniProcessVersionNumber":1,"PropertySetConfig":"{\"controlWidth\":12,\"label\":\"ObjectId\",\"showInputWidth\":false,\"inputWidth\":12,\"required\":true,\"repeat\":false,\"repeatClone\":false,\"repeatLimit\":null,\"readOnly\":false,\"defaultValue\":null,\"help\":false,\"helpText\":\"\",\"mask\":\"\",\"pattern\":\"\",\"ptrnErrText\":\"\",\"minLength\":0,\"maxLength\":255,\"placeholder\":\"\",\"show\":null,\"conditionType\":\"Hide if False\",\"accessibleInFutureSteps\":false,\"debounceValue\":0,\"HTMLTemplateId\":\"\",\"hide\":false,\"disOnTplt\":false}","SequenceNumber":0,"OmniProcessId":{"VlocityRecordSObjectType":"OmniProcess","VlocityDataPackType":"VlocityMatchingKeyObject","VlocityMatchingRecordSourceKey":"VlocityRecordSourceKey:0jNW20000001GAnMAM","Name":"ContactCaseReport"},"Level":1,"Id":"0kEW20000005eUyMAI","VlocityDataPackIsIncluded":true,"ParentElementType":"Step"},{"Description":"","IsActive":true,"VlocityDataPackType":"SObject","IsOmniScriptEmbeddable":false,"DesignerCustomizationType":"","Name":"DocGen_CaseContactReport","ParentElementName":"","EmbeddedOmniScriptKey":"","Type":"Integration Procedure Action","VlocityRecordSObjectType":"OmniProcessElement","ParentElementId":"","VlocityRecordSourceKey":"VlocityRecordSourceKey:0kEW20000005eWHMAY","OmniProcessVersionNumber":1,"PropertySetConfig":"{\"controlWidth\":12,\"label\":\"DocGen_CaseContactReport\",\"integrationProcedureKey\":\"DocGen_CaseContactReport\",\"useContinuation\":false,\"remoteOptions\":{\"preTransformBundle\":\"\",\"postTransformBundle\":\"\",\"useFuture\":false,\"chainable\":false},\"remoteTimeout\":30000,\"preTransformBundle\":\"\",\"postTransformBundle\":\"\",\"sendJSONPath\":\"\",\"sendJSONNode\":\"\",\"responseJSONPath\":\"\",\"responseJSONNode\":\"TokenDataMap\",\"extraPayload\":{\"Id\":\"%ObjectId%\"},\"inProgressMessage\":\"In Progress\",\"postMessage\":\"Done\",\"failureNextLabel\":\"Continue\",\"failureAbortLabel\":\"Abort\",\"failureGoBackLabel\":\"Go Back\",\"failureAbortMessage\":\"Are you sure?\",\"validationRequired\":\"Step\",\"redirectPageName\":\"\",\"redirectTemplateUrl\":\"vlcAcknowledge.html\",\"redirectNextLabel\":\"Next\",\"redirectNextWidth\":3,\"redirectPreviousLabel\":\"Previous\",\"redirectPreviousWidth\":3,\"showPersistentComponent\":[true,false],\"show\":null,\"HTMLTemplateId\":\"\",\"wpm\":false,\"ssm\":false,\"message\":{},\"pubsub\":false,\"svgSprite\":\"\",\"svgIcon\":\"\",\"errorMessage\":{\"custom\":[],\"default\":null},\"enableDefaultAbort\":false,\"enableActionMessage\":false,\"businessCategory\":\"\",\"businessEvent\":\"\",\"sendOnlyExtraPayload\":true}","SequenceNumber":1,"OmniProcessId":{"VlocityRecordSObjectType":"OmniProcess","VlocityDataPackType":"VlocityMatchingKeyObject","VlocityMatchingRecordSourceKey":"VlocityRecordSourceKey:0jNW20000001GAnMAM","Name":"ContactCaseReport"},"Level":0,"Id":"0kEW20000005eWHMAY","VlocityDataPackIsIncluded":true,"ParentElementType":""}],"Id":"0jNW20000001GAnMAM","UniqueName":"","CustomHtmlTemplates":""}]},"VlocityDataPackAllRelationships":{"8cb6fb37d087e7529c278df35682d334":"Reference by Name","b4ca1a82573ef77912c48702c661dce1":"Reference by Name"},"DataPackAttachmentSize":22454,"DataPackAttachmentParentId":"0ncW20000001FHxIAM","DataPackAttachmentId":"00PW2000000AdXxMAK","ActivationStatus":"Ready"},{"VlocityPrimarySourceId":"0jNW20000001GCPMA2","VlocityPreviousPageKey":null,"VlocityMultiPackParentKey":null,"VlocityDepthFromPrimary":0,"VlocityDataPackType":"IntegrationProcedure","VlocityDataPackStatus":"Success","VlocityDataPackRelationshipType":"Sibling","VlocityDataPackRecords":[],"VlocityDataPackParents":[],"VlocityDataPackName":"DocumentServiceGateway_DocGenerationWithTokenData","VlocityDataPackMessage":null,"VlocityDataPackLabel":"IntegrationProcedure","VlocityDataPackKey":"8cb6fb37d087e7529c278df35682d334","VlocityDataPackIsNotSupported":false,"VlocityDataPackIsIncluded":true,"VlocityDataPackData":{"Id":"DocumentServiceGateway_DocGenerationWithTokenData","VlocityDataPackRelationshipType":"Sibling","VlocityDataPackLabel":"IntegrationProcedure","VlocityDataPackType":"IntegrationProcedure","VlocityDataPackKey":"8cb6fb37d087e7529c278df35682d334","OmniProcess":[{"IsMetadataCacheDisabled":false,"IsTestProcedure":false,"Description":"Server-side remote doc generation with dataJson parameter. DR extract is implicitly in OS and document template contains DR transform.","OverrideKey":"","IsActive":true,"VlocityDataPackType":"SObject","Name":"DocumentServiceGateway_DocGenerationWithTokenData","OmniProcessKey":"DocumentServiceGateway_DocGenerationWithTokenData","VlocityRecordSObjectType":"OmniProcess","Language":"Procedure","PropertySetConfig":"{\"linkToExternalObject\":\"\",\"trackingCustomData\":{},\"includeAllActionsInResponse\":false,\"columnsPropertyMap\":[],\"relationshipFieldsMap\":[],\"labelSingular\":\"\",\"labelPlural\":\"\",\"description\":\"\",\"nameColumn\":\"\",\"rollbackOnError\":false,\"chainableQueriesLimit\":50,\"chainableDMLStatementsLimit\":null,\"chainableCpuLimit\":2000,\"chainableHeapSizeLimit\":null,\"chainableDMLRowsLimit\":null,\"chainableQueryRowsLimit\":null,\"chainableSoslQueriesLimit\":null,\"chainableActualTimeLimit\":null,\"additionalChainableResponse\":{},\"queueableChainableQueriesLimit\":120,\"queueableChainableCpuLimit\":40000,\"queueableChainableHeapSizeLimit\":6,\"ttlMinutes\":5,\"mockResponseMap\":{}}","LastPreviewPage":"","OmniProcessType":"Integration Procedure","ElementTypeComponentMapping":"{\"ElementTypeToHTMLTemplateList\":[]}","VlocityDataPackIsIncluded":true,"SubType":"DocGenerationWithTokenData","ResponseCacheType":"","IsOmniScriptEmbeddable":false,"CustomJavaScript":"{\n    \"objectId\": \"800R0000000HE3eIAG\",\n    \"templateId\": \"2dtR0000000023v\",\n    \"tokenDataMap\": \"{}\",\n    \"title\": \"default-token-ip\",\n    \"returnAsPdf\": \"false\",\n    \"keepIntermediate\": \"false\"\n}","IsIntegrationProcedure":true,"VersionNumber":2,"DesignerCustomizationType":"","Namespace":"","Type":"DocumentServiceGateway","WebComponentKey":"470451eb-b409-87cf-459a-66671f6bae4f","VlocityRecordSourceKey":"VlocityRecordSourceKey:0jNW20000001GCPMA2","RequiredPermission":"","IsWebCompEnabled":false,"OmniProcessElement":[{"Description":"","IsActive":true,"VlocityDataPackType":"SObject","IsOmniScriptEmbeddable":false,"DesignerCustomizationType":"","Name":"generateDocumentWithTokenDataService","ParentElementName":"","EmbeddedOmniScriptKey":"","Type":"Remote Action","VlocityRecordSObjectType":"OmniProcessElement","ParentElementId":"","VlocityRecordSourceKey":"VlocityRecordSourceKey:0kEW20000005eXtMAI","OmniProcessVersionNumber":2,"PropertySetConfig":"{\"executionConditionalFormula\":\"\",\"failureConditionalFormula\":\"\",\"failOnStepError\":true,\"useFormulas\":true,\"additionalInput\":{\"objectId\":\"%objectId%\",\"templateId\":\"%templateId%\",\"tokenDataMap\":\"%tokenDataMap%\",\"title\":\"%setupServiceCallInputParams:title%\",\"returnAsPdf\":\"%setupServiceCallInputParams:returnAsPdf%\",\"keepIntermediate\":\"%setupServiceCallInputParams:keepIntermediate%\",\"outputFileFormat\":\"%outputFileFormat%\"},\"additionalOutput\":{},\"failureResponse\":{},\"sendOnlyAdditionalInput\":true,\"returnOnlyAdditionalOutput\":false,\"returnOnlyFailureResponse\":false,\"responseJSONPath\":\"\",\"responseJSONNode\":\"\",\"sendJSONPath\":\"\",\"sendJSONNode\":\"\",\"remoteClass\":\"DocumentServiceGateway\",\"remoteOptions\":{},\"remoteMethod\":\"generateDocumentWithTokenData\",\"chainOnStep\":false,\"actionMessage\":\"\",\"additionalChainableResponse\":{},\"show\":null,\"label\":\"RemoteAction1\",\"disOnTplt\":false}","SequenceNumber":2,"OmniProcessId":{"VlocityRecordSObjectType":"OmniProcess","VlocityDataPackType":"VlocityMatchingKeyObject","VlocityMatchingRecordSourceKey":"VlocityRecordSourceKey:0jNW20000001GCPMA2","Name":"DocumentServiceGateway_DocGenerationWithTokenData"},"Level":0,"Id":"0kEW20000005eXtMAI","VlocityDataPackIsIncluded":true,"ParentElementType":""},{"Description":"","IsActive":true,"VlocityDataPackType":"SObject","IsOmniScriptEmbeddable":false,"DesignerCustomizationType":"","Name":"ipResponse","ParentElementName":"","EmbeddedOmniScriptKey":"","Type":"Response Action","VlocityRecordSObjectType":"OmniProcessElement","ParentElementId":"","VlocityRecordSourceKey":"VlocityRecordSourceKey:0kEW20000005eXuMAI","OmniProcessVersionNumber":2,"PropertySetConfig":"{\"executionConditionalFormula\":\"\",\"useFormulas\":true,\"additionalOutput\":{\"docContentVersionId\":\"%generateDocumentWithTokenDataService:docContentVersionId%\",\"pdfContentVersionId\":\"%generateDocumentWithTokenDataService:pdfContentVersionId%\",\"isSuccessfulTransaction\":\"%generateDocumentWithTokenDataService:success%\",\"errorMessage\":\"=IF(%generateDocumentWithTokenDataService:success%==true, '', %generateDocumentWithTokenDataService:error%)\",\"jobId\":\"=%generateDocumentWithTokenDataService:jobId%\"},\"returnOnlyAdditionalOutput\":true,\"returnFullDataJSON\":false,\"responseFormat\":\"JSON\",\"responseJSONPath\":\"\",\"responseJSONNode\":\"\",\"sendJSONPath\":\"\",\"sendJSONNode\":\"\",\"responseDefaultData\":{},\"vlcResponseHeaders\":{},\"show\":null,\"label\":\"ResponseAction1\",\"disOnTplt\":false}","SequenceNumber":3,"OmniProcessId":{"VlocityRecordSObjectType":"OmniProcess","VlocityDataPackType":"VlocityMatchingKeyObject","VlocityMatchingRecordSourceKey":"VlocityRecordSourceKey:0jNW20000001GCPMA2","Name":"DocumentServiceGateway_DocGenerationWithTokenData"},"Level":0,"Id":"0kEW20000005eXuMAI","VlocityDataPackIsIncluded":true,"ParentElementType":""},{"Description":"","IsActive":true,"VlocityDataPackType":"SObject","IsOmniScriptEmbeddable":false,"DesignerCustomizationType":"","Name":"setupServiceCallInputParams","ParentElementName":"","EmbeddedOmniScriptKey":"","Type":"Set Values","VlocityRecordSObjectType":"OmniProcessElement","ParentElementId":"","VlocityRecordSourceKey":"VlocityRecordSourceKey:0kEW20000005eXvMAI","OmniProcessVersionNumber":2,"PropertySetConfig":"{\"executionConditionalFormula\":\"\",\"failureConditionalFormula\":\"\",\"failOnStepError\":true,\"elementValueMap\":{\"title\":\"=IF(OR(%title%==null, %title%==''), null, %title%)\",\"returnAsPdf\":\"=IF(OR(%returnAsPdf%==null, %returnAsPdf%==''), false, %returnAsPdf%)\",\"keepIntermediate\":\"=IF(OR(%keepIntermediate%==null, %keepIntermediate%==''), false, %keepIntermediate%)\"},\"responseJSONPath\":\"\",\"responseJSONNode\":\"\",\"chainOnStep\":false,\"actionMessage\":\"\",\"show\":null,\"label\":\"SetValues1\",\"disOnTplt\":false}","SequenceNumber":1,"OmniProcessId":{"VlocityRecordSObjectType":"OmniProcess","VlocityDataPackType":"VlocityMatchingKeyObject","VlocityMatchingRecordSourceKey":"VlocityRecordSourceKey:0jNW20000001GCPMA2","Name":"DocumentServiceGateway_DocGenerationWithTokenData"},"Level":0,"Id":"0kEW20000005eXvMAI","VlocityDataPackIsIncluded":true,"ParentElementType":""}],"Id":"0jNW20000001GCPMA2","UniqueName":"","CustomHtmlTemplates":""}]},"VlocityDataPackAllRelationships":{"a5ffe69b6106f9cd5a189711d0383854":"Reference by Name","f0d0927ea72d9dbe81a940fda1426ab6":"Reference by Salesforce Id"},"DataPackAttachmentSize":7971,"DataPackAttachmentParentId":"0ncW20000001FHxIAM","DataPackAttachmentId":"00PW2000000AdZZMA0","ActivationStatus":"Ready"},{"VlocityPrimarySourceId":"0jNW20000001G9BMAU","VlocityPreviousPageKey":null,"VlocityMultiPackParentKey":null,"VlocityDepthFromPrimary":0,"VlocityDataPackType":"IntegrationProcedure","VlocityDataPackStatus":"Success","VlocityDataPackRelationshipType":"Sibling","VlocityDataPackRecords":[],"VlocityDataPackParents":[],"VlocityDataPackName":"CaseContactReport","VlocityDataPackMessage":null,"VlocityDataPackLabel":"IntegrationProcedure","VlocityDataPackKey":"b4ca1a82573ef77912c48702c661dce1","VlocityDataPackIsNotSupported":false,"VlocityDataPackIsIncluded":true,"VlocityDataPackData":{"Id":"DocGen_CaseContactReport","VlocityDataPackRelationshipType":"Sibling","VlocityDataPackLabel":"IntegrationProcedure","VlocityDataPackType":"IntegrationProcedure","VlocityDataPackKey":"b4ca1a82573ef77912c48702c661dce1","OmniProcess":[{"IsMetadataCacheDisabled":false,"IsTestProcedure":false,"Description":"","OverrideKey":"","IsActive":true,"VlocityDataPackType":"SObject","Name":"CaseContactReport","OmniProcessKey":"DocGen_CaseContactReport","VlocityRecordSObjectType":"OmniProcess","Language":"Procedure","PropertySetConfig":"{\"linkToExternalObject\":\"\",\"trackingCustomData\":{},\"includeAllActionsInResponse\":false,\"columnsPropertyMap\":[],\"relationshipFieldsMap\":[],\"labelSingular\":\"\",\"labelPlural\":\"\",\"description\":\"\",\"nameColumn\":\"\",\"rollbackOnError\":false,\"chainableQueriesLimit\":50,\"chainableDMLStatementsLimit\":null,\"chainableCpuLimit\":2000,\"chainableHeapSizeLimit\":null,\"chainableDMLRowsLimit\":null,\"chainableQueryRowsLimit\":null,\"chainableSoslQueriesLimit\":null,\"chainableActualTimeLimit\":null,\"additionalChainableResponse\":{},\"queueableChainableQueriesLimit\":120,\"queueableChainableCpuLimit\":40000,\"queueableChainableHeapSizeLimit\":6,\"ttlMinutes\":5,\"mockResponseMap\":{}}","LastPreviewPage":"","OmniProcessType":"Integration Procedure","ElementTypeComponentMapping":"{\"ElementTypeToHTMLTemplateList\":[]}","VlocityDataPackIsIncluded":true,"SubType":"CaseContactReport","ResponseCacheType":"","IsOmniScriptEmbeddable":false,"CustomJavaScript":"{\n    \"Id\": \"003W2000000GydHIAS\"\n}","IsIntegrationProcedure":true,"VersionNumber":1,"DesignerCustomizationType":"","Namespace":"","Type":"DocGen","WebComponentKey":"ecc6b4ff-576d-11e3-48f6-bcddc6f393c8","VlocityRecordSourceKey":"VlocityRecordSourceKey:0jNW20000001G9BMAU","RequiredPermission":"","IsWebCompEnabled":false,"OmniProcessElement":[{"Description":"","IsActive":true,"VlocityDataPackType":"SObject","IsOmniScriptEmbeddable":false,"DesignerCustomizationType":"","Name":"DRGetCasePriority","ParentElementName":"","EmbeddedOmniScriptKey":"","Type":"DataRaptor Extract Action","VlocityRecordSObjectType":"OmniProcessElement","ParentElementId":"","VlocityRecordSourceKey":"VlocityRecordSourceKey:0kEW20000005eODMAY","OmniProcessVersionNumber":1,"PropertySetConfig":"{\"executionConditionalFormula\":\"\",\"failureConditionalFormula\":\"\",\"failOnStepError\":true,\"useFormulas\":true,\"additionalInput\":{\"Id\":\"=%Id%\"},\"additionalOutput\":{},\"failureResponse\":{},\"sendOnlyAdditionalInput\":true,\"returnOnlyAdditionalOutput\":false,\"returnOnlyFailureResponse\":false,\"responseJSONPath\":\"\",\"responseJSONNode\":\"\",\"sendJSONPath\":\"\",\"sendJSONNode\":\"\",\"bundle\":\"DRGetCasePriority\",\"dataRaptor Input Parameters\":[],\"chainOnStep\":false,\"actionMessage\":\"\",\"ignoreCache\":false,\"show\":null,\"label\":\"DataRaptorExtractAction1\",\"disOnTplt\":false}","SequenceNumber":1,"OmniProcessId":{"VlocityRecordSObjectType":"OmniProcess","VlocityDataPackType":"VlocityMatchingKeyObject","VlocityMatchingRecordSourceKey":"VlocityRecordSourceKey:0jNW20000001G9BMAU","Name":"CaseContactReport"},"Level":0,"Id":"0kEW20000005eODMAY","VlocityDataPackIsIncluded":true,"ParentElementType":""},{"Description":"","IsActive":true,"VlocityDataPackType":"SObject","IsOmniScriptEmbeddable":false,"DesignerCustomizationType":"","Name":"DedupeCasePriority","ParentElementName":"","EmbeddedOmniScriptKey":"","Type":"List Merge Action","VlocityRecordSObjectType":"OmniProcessElement","ParentElementId":"","VlocityRecordSourceKey":"VlocityRecordSourceKey:0kEW20000005ePpMAI","OmniProcessVersionNumber":1,"PropertySetConfig":"{\"executionConditionalFormula\":\"\",\"failureConditionalFormula\":\"\",\"failOnStepError\":true,\"useFormulas\":true,\"additionalInput\":{},\"additionalOutput\":{},\"failureResponse\":{},\"sendOnlyAdditionalInput\":false,\"returnOnlyAdditionalOutput\":false,\"returnOnlyFailureResponse\":false,\"responseJSONPath\":\"\",\"responseJSONNode\":\"CasePriority\",\"sendJSONPath\":\"\",\"sendJSONNode\":\"\",\"advancedMerge\":false,\"advancedMergeMap\":[],\"mergeFields\":[\"Priority\"],\"allowMergeNulls\":true,\"hasPrimary\":false,\"primaryListKey\":\"\",\"sortBy\":[],\"sortInDescendingOrder\":false,\"mergeListsOrder\":[\"DRGetCasePriority:CasePriority\"],\"filterListFormula\":\"\",\"dynamicOutputFields\":\"\",\"updateFieldValue\":{},\"chainOnStep\":false,\"actionMessage\":\"\",\"additionalChainableResponse\":{},\"show\":null,\"label\":\"ListAction1\",\"disOnTplt\":false}","SequenceNumber":2,"OmniProcessId":{"VlocityRecordSObjectType":"OmniProcess","VlocityDataPackType":"VlocityMatchingKeyObject","VlocityMatchingRecordSourceKey":"VlocityRecordSourceKey:0jNW20000001G9BMAU","Name":"CaseContactReport"},"Level":0,"Id":"0kEW20000005ePpMAI","VlocityDataPackIsIncluded":true,"ParentElementType":""},{"Description":"","IsActive":true,"VlocityDataPackType":"SObject","IsOmniScriptEmbeddable":false,"DesignerCustomizationType":"","Name":"DRGetContactCases","ParentElementName":"","EmbeddedOmniScriptKey":"","Type":"DataRaptor Extract Action","VlocityRecordSObjectType":"OmniProcessElement","ParentElementId":"","VlocityRecordSourceKey":"VlocityRecordSourceKey:0kEW20000005eRRMAY","OmniProcessVersionNumber":1,"PropertySetConfig":"{\"executionConditionalFormula\":\"\",\"failureConditionalFormula\":\"\",\"failOnStepError\":true,\"useFormulas\":true,\"additionalInput\":{\"Id\":\"=%Id%\",\"CasePriority\":\"=%CasePriority%\"},\"additionalOutput\":{},\"failureResponse\":{},\"sendOnlyAdditionalInput\":true,\"returnOnlyAdditionalOutput\":false,\"returnOnlyFailureResponse\":false,\"responseJSONPath\":\"\",\"responseJSONNode\":\"\",\"sendJSONPath\":\"\",\"sendJSONNode\":\"\",\"bundle\":\"DRGetContactCases\",\"dataRaptor Input Parameters\":[],\"chainOnStep\":false,\"actionMessage\":\"\",\"ignoreCache\":false,\"show\":null,\"label\":\"DataRaptorExtractAction2\",\"disOnTplt\":false}","SequenceNumber":3,"OmniProcessId":{"VlocityRecordSObjectType":"OmniProcess","VlocityDataPackType":"VlocityMatchingKeyObject","VlocityMatchingRecordSourceKey":"VlocityRecordSourceKey:0jNW20000001G9BMAU","Name":"CaseContactReport"},"Level":0,"Id":"0kEW20000005eRRMAY","VlocityDataPackIsIncluded":true,"ParentElementType":""},{"Description":"","IsActive":true,"VlocityDataPackType":"SObject","IsOmniScriptEmbeddable":false,"DesignerCustomizationType":"","Name":"ResponseAction1","ParentElementName":"","EmbeddedOmniScriptKey":"","Type":"Response Action","VlocityRecordSObjectType":"OmniProcessElement","ParentElementId":"","VlocityRecordSourceKey":"VlocityRecordSourceKey:0kEW20000005eT3MAI","OmniProcessVersionNumber":1,"PropertySetConfig":"{\"executionConditionalFormula\":\"\",\"useFormulas\":true,\"additionalOutput\":{},\"returnOnlyAdditionalOutput\":false,\"returnFullDataJSON\":false,\"responseFormat\":\"JSON\",\"responseJSONPath\":\"\",\"responseJSONNode\":\"\",\"sendJSONPath\":\"DRGetContactCases\",\"sendJSONNode\":\"\",\"responseDefaultData\":{},\"vlcResponseHeaders\":{},\"show\":null,\"label\":\"ResponseAction1\",\"disOnTplt\":false}","SequenceNumber":4,"OmniProcessId":{"VlocityRecordSObjectType":"OmniProcess","VlocityDataPackType":"VlocityMatchingKeyObject","VlocityMatchingRecordSourceKey":"VlocityRecordSourceKey:0jNW20000001G9BMAU","Name":"CaseContactReport"},"Level":0,"Id":"0kEW20000005eT3MAI","VlocityDataPackIsIncluded":true,"ParentElementType":""}],"Id":"0jNW20000001G9BMAU","UniqueName":"","CustomHtmlTemplates":""}]},"VlocityDataPackAllRelationships":{"a5ffe69b6106f9cd5a189711d0383854":"Reference by Name","fa39bba050535dca9b13a8667f61f44a":"Reference by Name","bb763d1324156574b952e9cfdfa64bea":"Reference by Name"},"DataPackAttachmentSize":8418,"DataPackAttachmentParentId":"0ncW20000001FHxIAM","DataPackAttachmentId":"00PW2000000AdZaMAK","ActivationStatus":"Ready"},{"VlocityPrimarySourceId":"0jIW20000000sTRMAY","VlocityPreviousPageKey":null,"VlocityMultiPackParentKey":null,"VlocityDepthFromPrimary":0,"VlocityDataPackType":"DataRaptor","VlocityDataPackStatus":"Success","VlocityDataPackRelationshipType":"Sibling","VlocityDataPackRecords":[],"VlocityDataPackParents":[],"VlocityDataPackName":"DRGetCasePriority","VlocityDataPackMessage":null,"VlocityDataPackLabel":"DataRaptor","VlocityDataPackKey":"fa39bba050535dca9b13a8667f61f44a","VlocityDataPackIsNotSupported":false,"VlocityDataPackIsIncluded":true,"VlocityDataPackData":{"OmniDataTransform":[{"SourceObject":"json","ExpectedInputOtherData":"","ExpectedOutputJson":"","Description":"","ExpectedOutputXml":"","IsDeletedOnSuccess":false,"IsProcessSuperBulk":false,"OverrideKey":"","VlocityDataPackType":"SObject","PreviewOtherData":"","SynchronousProcessThreshold":"","TargetOutputDocumentIdentifier":"","GlobalKey":"","Name":"DRGetCasePriority","IsAssignmentRulesUsed":false,"VlocityRecordSObjectType":"OmniDataTransform","IsXmlDeclarationRemoved":false,"XmlOutputTagsOrder":"","IsSourceObjectDefault":false,"InputParsingClass":"","ExpectedOutputOtherData":"","OmniDataTransformItem":[{"MigrationPattern":"","InputObjectQuerySequence":1,"FormulaResultPath":"","VlocityDataPackType":"SObject","FormulaSequence":"","LinkedFieldName":"","IsDisabled":false,"MigrationCategory":"","MigrationType":"","OutputFieldName":"CasePriority","MigrationValue":"","FilterGroup":0,"LinkedObjectSequence":"","GlobalKey":"DRGetCasePriorityCustom6881","Name":"DRGetCasePriority","OutputCreationSequence":0,"DefaultValue":"","VlocityRecordSObjectType":"OmniDataTransformItem","LookupReturnedFieldName":"","IsRequiredForUpsert":false,"MigrationProcess":"","FilterDataType":"","VlocityDataPackIsIncluded":true,"InputObjectName":"Case","FormulaExpression":"","OmniDataTransformationId":{"VlocityRecordSObjectType":"OmniDataTransform","VlocityDataPackType":"VlocityMatchingKeyObject","VlocityMatchingRecordSourceKey":"VlocityRecordSourceKey:0jIW20000000sTRMAY","Name":"DRGetCasePriority"},"LookupObjectName":"","MigrationAttribute":"","MigrationGroup":"","FilterValue":"Id","FilterOperator":"=","InputFieldName":"ContactId","MigrationKey":"","VlocityRecordSourceKey":"VlocityRecordSourceKey:0kdW20000003NuXIAU","IsUpsertKey":false,"LookupByFieldName":"","OutputFieldFormat":"","TransformValueMappings":"","Id":"0kdW20000003NuXIAU","OutputObjectName":"json"},{"MigrationPattern":"","InputObjectQuerySequence":"","FormulaResultPath":"","VlocityDataPackType":"SObject","FormulaSequence":"","LinkedFieldName":"","IsDisabled":false,"MigrationCategory":"","MigrationType":"","OutputFieldName":"CasePriority:Priority","MigrationValue":"","FilterGroup":"","LinkedObjectSequence":"","GlobalKey":"DRGetCasePriorityCustom3123","Name":"DRGetCasePriority","OutputCreationSequence":1,"DefaultValue":"","VlocityRecordSObjectType":"OmniDataTransformItem","LookupReturnedFieldName":"","IsRequiredForUpsert":false,"MigrationProcess":"","FilterDataType":"","VlocityDataPackIsIncluded":true,"InputObjectName":"","FormulaExpression":"","OmniDataTransformationId":{"VlocityRecordSObjectType":"OmniDataTransform","VlocityDataPackType":"VlocityMatchingKeyObject","VlocityMatchingRecordSourceKey":"VlocityRecordSourceKey:0jIW20000000sTRMAY","Name":"DRGetCasePriority"},"LookupObjectName":"","MigrationAttribute":"","MigrationGroup":"","FilterValue":"","FilterOperator":"","InputFieldName":"CasePriority:Priority","MigrationKey":"","VlocityRecordSourceKey":"VlocityRecordSourceKey:0kdW20000003Nw9IAE","IsUpsertKey":false,"LookupByFieldName":"","OutputFieldFormat":"","TransformValueMappings":"","Id":"0kdW20000003Nw9IAE","OutputObjectName":"json"},{"MigrationPattern":"","InputObjectQuerySequence":"","FormulaResultPath":"","VlocityDataPackType":"SObject","FormulaSequence":1,"LinkedFieldName":"","IsDisabled":false,"MigrationCategory":"","MigrationType":"","OutputFieldName":"Formula","MigrationValue":"","FilterGroup":"","LinkedObjectSequence":"","GlobalKey":"DRGetCasePriorityCustom307","Name":"DRGetCasePriority","OutputCreationSequence":0,"DefaultValue":"","VlocityRecordSObjectType":"OmniDataTransformItem","LookupReturnedFieldName":"","IsRequiredForUpsert":false,"MigrationProcess":"","FilterDataType":"","VlocityDataPackIsIncluded":true,"InputObjectName":"","FormulaExpression":"","OmniDataTransformationId":{"VlocityRecordSObjectType":"OmniDataTransform","VlocityDataPackType":"VlocityMatchingKeyObject","VlocityMatchingRecordSourceKey":"VlocityRecordSourceKey:0jIW20000000sTRMAY","Name":"DRGetCasePriority"},"LookupObjectName":"","MigrationAttribute":"","MigrationGroup":"","FilterValue":"","FilterOperator":"","MigrationKey":"","InputFieldName":"","VlocityRecordSourceKey":"VlocityRecordSourceKey:0kdW20000003NxlIAE","IsUpsertKey":false,"LookupByFieldName":"","OutputFieldFormat":"","TransformValueMappings":"","Id":"0kdW20000003NxlIAE","OutputObjectName":"Formula"}],"VlocityDataPackIsIncluded":true,"PreviewSourceObjectData":"","OutputType":"JSON","PreviewJsonData":"{\"Id\":\"003W2000000GydHIAS\"}","IsRollbackOnError":false,"BatchSize":"","ResponseCacheType":"","IsNullInputsIncludedInOutput":false,"VersionNumber":1,"Namespace":"","OutputParsingClass":"","Type":"Extract","IsErrorIgnored":false,"ExpectedInputJson":"","VlocityRecordSourceKey":"VlocityRecordSourceKey:0jIW20000000sTRMAY","ExpectedInputXml":"","RequiredPermission":"","PreviewXmlData":"","InputType":"JSON","Id":"0jIW20000000sTRMAY","ResponseCacheTtlMinutes":"","TargetOutputFileName":"","UniqueName":"","IsFieldLevelSecurityEnabled":false,"PreprocessorClassName":""}],"Id":"DRGetCasePriority","VlocityDataPackRelationshipType":"Sibling","VlocityDataPackLabel":"DataRaptor","VlocityDataPackType":"DataRaptor","VlocityDataPackKey":"fa39bba050535dca9b13a8667f61f44a"},"VlocityDataPackAllRelationships":{"b4ca1a82573ef77912c48702c661dce1":"Reference by Name"},"DataPackAttachmentSize":6027,"DataPackAttachmentParentId":"0ncW20000001FHxIAM","DataPackAttachmentId":"00PW2000000AdbCMAS","ActivationStatus":"NA"},{"VlocityPrimarySourceId":"0jIW20000000sV3MAI","VlocityPreviousPageKey":null,"VlocityMultiPackParentKey":null,"VlocityDepthFromPrimary":0,"VlocityDataPackType":"DataRaptor","VlocityDataPackStatus":"Success","VlocityDataPackRelationshipType":"Sibling","VlocityDataPackRecords":[],"VlocityDataPackParents":[],"VlocityDataPackName":"DRGetContactCases","VlocityDataPackMessage":null,"VlocityDataPackLabel":"DataRaptor","VlocityDataPackKey":"bb763d1324156574b952e9cfdfa64bea","VlocityDataPackIsNotSupported":false,"VlocityDataPackIsIncluded":true,"VlocityDataPackData":{"OmniDataTransform":[{"SourceObject":"json","ExpectedInputOtherData":"","ExpectedOutputJson":"","Description":"","ExpectedOutputXml":"","IsDeletedOnSuccess":false,"IsProcessSuperBulk":false,"OverrideKey":"","VlocityDataPackType":"SObject","PreviewOtherData":"","SynchronousProcessThreshold":"","TargetOutputDocumentIdentifier":"","GlobalKey":"","Name":"DRGetContactCases","IsAssignmentRulesUsed":false,"VlocityRecordSObjectType":"OmniDataTransform","IsXmlDeclarationRemoved":false,"XmlOutputTagsOrder":"","IsSourceObjectDefault":false,"InputParsingClass":"","ExpectedOutputOtherData":"","OmniDataTransformItem":[{"MigrationPattern":"","InputObjectQuerySequence":1,"FormulaResultPath":"","VlocityDataPackType":"SObject","FormulaSequence":"","LinkedFieldName":"","IsDisabled":false,"MigrationCategory":"","MigrationType":"","OutputFieldName":"Contact","MigrationValue":"","FilterGroup":0,"LinkedObjectSequence":"","GlobalKey":"DRGetContactCasesCustom3331","Name":"DRGetContactCases","OutputCreationSequence":0,"DefaultValue":"","VlocityRecordSObjectType":"OmniDataTransformItem","LookupReturnedFieldName":"","IsRequiredForUpsert":false,"MigrationProcess":"","FilterDataType":"","VlocityDataPackIsIncluded":true,"InputObjectName":"Contact","FormulaExpression":"","OmniDataTransformationId":{"VlocityRecordSObjectType":"OmniDataTransform","VlocityDataPackType":"VlocityMatchingKeyObject","VlocityMatchingRecordSourceKey":"VlocityRecordSourceKey:0jIW20000000sV3MAI","Name":"DRGetContactCases"},"LookupObjectName":"","MigrationAttribute":"","MigrationGroup":"","FilterValue":"Id","FilterOperator":"=","InputFieldName":"Id","MigrationKey":"","VlocityRecordSourceKey":"VlocityRecordSourceKey:0kdW20000003NzNIAU","IsUpsertKey":false,"LookupByFieldName":"","OutputFieldFormat":"","TransformValueMappings":"","Id":"0kdW20000003NzNIAU","OutputObjectName":"json"},{"MigrationPattern":"","InputObjectQuerySequence":2,"FormulaResultPath":"","VlocityDataPackType":"SObject","FormulaSequence":"","LinkedFieldName":"","IsDisabled":false,"MigrationCategory":"","MigrationType":"","OutputFieldName":"CasePriority:Case","MigrationValue":"","FilterGroup":0,"LinkedObjectSequence":"","GlobalKey":"DRGetContactCasesCustom9464","Name":"DRGetContactCases","OutputCreationSequence":0,"DefaultValue":"","VlocityRecordSObjectType":"OmniDataTransformItem","LookupReturnedFieldName":"","IsRequiredForUpsert":false,"MigrationProcess":"","FilterDataType":"","VlocityDataPackIsIncluded":true,"InputObjectName":"Case","FormulaExpression":"","OmniDataTransformationId":{"VlocityRecordSObjectType":"OmniDataTransform","VlocityDataPackType":"VlocityMatchingKeyObject","VlocityMatchingRecordSourceKey":"VlocityRecordSourceKey:0jIW20000000sV3MAI","Name":"DRGetContactCases"},"LookupObjectName":"","MigrationAttribute":"","MigrationGroup":"","FilterValue":"Id","FilterOperator":"=","InputFieldName":"ContactId","MigrationKey":"","VlocityRecordSourceKey":"VlocityRecordSourceKey:0kdW20000003O0zIAE","IsUpsertKey":false,"LookupByFieldName":"","OutputFieldFormat":"","TransformValueMappings":"","Id":"0kdW20000003O0zIAE","OutputObjectName":"json"},{"MigrationPattern":"","InputObjectQuerySequence":2,"FormulaResultPath":"","VlocityDataPackType":"SObject","FormulaSequence":"","LinkedFieldName":"","IsDisabled":false,"MigrationCategory":"","MigrationType":"","OutputFieldName":"CasePriority:Case","MigrationValue":"","FilterGroup":0,"LinkedObjectSequence":"","GlobalKey":"DRGetContactCasesCustom9839","Name":"DRGetContactCases","OutputCreationSequence":0,"DefaultValue":"","VlocityRecordSObjectType":"OmniDataTransformItem","LookupReturnedFieldName":"","IsRequiredForUpsert":false,"MigrationProcess":"","FilterDataType":"","VlocityDataPackIsIncluded":true,"InputObjectName":"Case","FormulaExpression":"","OmniDataTransformationId":{"VlocityRecordSObjectType":"OmniDataTransform","VlocityDataPackType":"VlocityMatchingKeyObject","VlocityMatchingRecordSourceKey":"VlocityRecordSourceKey:0jIW20000000sV3MAI","Name":"DRGetContactCases"},"LookupObjectName":"","MigrationAttribute":"","MigrationGroup":"","FilterValue":"CasePriority:Priority","FilterOperator":"=","InputFieldName":"Priority","MigrationKey":"","VlocityRecordSourceKey":"VlocityRecordSourceKey:0kdW20000003O10IAE","IsUpsertKey":false,"LookupByFieldName":"","OutputFieldFormat":"","TransformValueMappings":"","Id":"0kdW20000003O10IAE","OutputObjectName":"json"},{"MigrationPattern":"","InputObjectQuerySequence":"","FormulaResultPath":"","VlocityDataPackType":"SObject","FormulaSequence":"","LinkedFieldName":"","IsDisabled":false,"MigrationCategory":"","MigrationType":"","OutputFieldName":"ContactName","MigrationValue":"","FilterGroup":"","LinkedObjectSequence":"","GlobalKey":"DRGetContactCasesCustom3860","Name":"DRGetContactCases","OutputCreationSequence":1,"DefaultValue":"","VlocityRecordSObjectType":"OmniDataTransformItem","LookupReturnedFieldName":"","IsRequiredForUpsert":false,"MigrationProcess":"","FilterDataType":"","VlocityDataPackIsIncluded":true,"InputObjectName":"","FormulaExpression":"","OmniDataTransformationId":{"VlocityRecordSObjectType":"OmniDataTransform","VlocityDataPackType":"VlocityMatchingKeyObject","VlocityMatchingRecordSourceKey":"VlocityRecordSourceKey:0jIW20000000sV3MAI","Name":"DRGetContactCases"},"LookupObjectName":"","MigrationAttribute":"","MigrationGroup":"","FilterValue":"","FilterOperator":"","InputFieldName":"Contact:Name","MigrationKey":"","VlocityRecordSourceKey":"VlocityRecordSourceKey:0kdW20000003O2bIAE","IsUpsertKey":false,"LookupByFieldName":"","OutputFieldFormat":"","TransformValueMappings":"","Id":"0kdW20000003O2bIAE","OutputObjectName":"json"},{"MigrationPattern":"","InputObjectQuerySequence":"","FormulaResultPath":"","VlocityDataPackType":"SObject","FormulaSequence":"","LinkedFieldName":"","IsDisabled":false,"MigrationCategory":"","MigrationType":"","OutputFieldName":"AccountName","MigrationValue":"","FilterGroup":"","LinkedObjectSequence":"","GlobalKey":"DRGetContactCasesCustom413","Name":"DRGetContactCases","OutputCreationSequence":1,"DefaultValue":"","VlocityRecordSObjectType":"OmniDataTransformItem","LookupReturnedFieldName":"","IsRequiredForUpsert":false,"MigrationProcess":"","FilterDataType":"","VlocityDataPackIsIncluded":true,"InputObjectName":"","FormulaExpression":"","OmniDataTransformationId":{"VlocityRecordSObjectType":"OmniDataTransform","VlocityDataPackType":"VlocityMatchingKeyObject","VlocityMatchingRecordSourceKey":"VlocityRecordSourceKey:0jIW20000000sV3MAI","Name":"DRGetContactCases"},"LookupObjectName":"","MigrationAttribute":"","MigrationGroup":"","FilterValue":"","FilterOperator":"","InputFieldName":"Contact:Account.Name","MigrationKey":"","VlocityRecordSourceKey":"VlocityRecordSourceKey:0kdW20000003O4DIAU","IsUpsertKey":false,"LookupByFieldName":"","OutputFieldFormat":"","TransformValueMappings":"","Id":"0kdW20000003O4DIAU","OutputObjectName":"json"},{"MigrationPattern":"","InputObjectQuerySequence":"","FormulaResultPath":"","VlocityDataPackType":"SObject","FormulaSequence":"","LinkedFieldName":"","IsDisabled":false,"MigrationCategory":"","MigrationType":"","OutputFieldName":"Title","MigrationValue":"","FilterGroup":"","LinkedObjectSequence":"","GlobalKey":"DRGetContactCasesCustom1733","Name":"DRGetContactCases","OutputCreationSequence":1,"DefaultValue":"","VlocityRecordSObjectType":"OmniDataTransformItem","LookupReturnedFieldName":"","IsRequiredForUpsert":false,"MigrationProcess":"","FilterDataType":"","VlocityDataPackIsIncluded":true,"InputObjectName":"","FormulaExpression":"","OmniDataTransformationId":{"VlocityRecordSObjectType":"OmniDataTransform","VlocityDataPackType":"VlocityMatchingKeyObject","VlocityMatchingRecordSourceKey":"VlocityRecordSourceKey:0jIW20000000sV3MAI","Name":"DRGetContactCases"},"LookupObjectName":"","MigrationAttribute":"","MigrationGroup":"","FilterValue":"","FilterOperator":"","InputFieldName":"Contact:Title","MigrationKey":"","VlocityRecordSourceKey":"VlocityRecordSourceKey:0kdW20000003O5pIAE","IsUpsertKey":false,"LookupByFieldName":"","OutputFieldFormat":"","TransformValueMappings":"","Id":"0kdW20000003O5pIAE","OutputObjectName":"json"},{"MigrationPattern":"","InputObjectQuerySequence":"","FormulaResultPath":"","VlocityDataPackType":"SObject","FormulaSequence":"","LinkedFieldName":"","IsDisabled":false,"MigrationCategory":"","MigrationType":"","OutputFieldName":"CasePriority:Case:Origin","MigrationValue":"","FilterGroup":"","LinkedObjectSequence":"","GlobalKey":"DRGetContactCasesCustom2718","Name":"DRGetContactCases","OutputCreationSequence":1,"DefaultValue":"","VlocityRecordSObjectType":"OmniDataTransformItem","LookupReturnedFieldName":"","IsRequiredForUpsert":false,"MigrationProcess":"","FilterDataType":"","VlocityDataPackIsIncluded":true,"InputObjectName":"","FormulaExpression":"","OmniDataTransformationId":{"VlocityRecordSObjectType":"OmniDataTransform","VlocityDataPackType":"VlocityMatchingKeyObject","VlocityMatchingRecordSourceKey":"VlocityRecordSourceKey:0jIW20000000sV3MAI","Name":"DRGetContactCases"},"LookupObjectName":"","MigrationAttribute":"","MigrationGroup":"","FilterValue":"","FilterOperator":"","InputFieldName":"CasePriority:Case:Origin","MigrationKey":"","VlocityRecordSourceKey":"VlocityRecordSourceKey:0kdW20000003O5qIAE","IsUpsertKey":false,"LookupByFieldName":"","OutputFieldFormat":"","TransformValueMappings":"","Id":"0kdW20000003O5qIAE","OutputObjectName":"json"},{"MigrationPattern":"","InputObjectQuerySequence":"","FormulaResultPath":"","VlocityDataPackType":"SObject","FormulaSequence":"","LinkedFieldName":"","IsDisabled":false,"MigrationCategory":"","MigrationType":"","OutputFieldName":"CasePriority:Case:CaseNumber","MigrationValue":"","FilterGroup":"","LinkedObjectSequence":"","GlobalKey":"DRGetContactCasesCustom1234","Name":"DRGetContactCases","OutputCreationSequence":1,"DefaultValue":"","VlocityRecordSObjectType":"OmniDataTransformItem","LookupReturnedFieldName":"","IsRequiredForUpsert":false,"MigrationProcess":"","FilterDataType":"","VlocityDataPackIsIncluded":true,"InputObjectName":"","FormulaExpression":"","OmniDataTransformationId":{"VlocityRecordSObjectType":"OmniDataTransform","VlocityDataPackType":"VlocityMatchingKeyObject","VlocityMatchingRecordSourceKey":"VlocityRecordSourceKey:0jIW20000000sV3MAI","Name":"DRGetContactCases"},"LookupObjectName":"","MigrationAttribute":"","MigrationGroup":"","FilterValue":"","FilterOperator":"","InputFieldName":"CasePriority:Case:CaseNumber","MigrationKey":"","VlocityRecordSourceKey":"VlocityRecordSourceKey:0kdW20000003O7RIAU","IsUpsertKey":false,"LookupByFieldName":"","OutputFieldFormat":"","TransformValueMappings":"","Id":"0kdW20000003O7RIAU","OutputObjectName":"json"},{"MigrationPattern":"","InputObjectQuerySequence":"","FormulaResultPath":"","VlocityDataPackType":"SObject","FormulaSequence":"","LinkedFieldName":"","IsDisabled":false,"MigrationCategory":"","MigrationType":"","OutputFieldName":"CasePriority:Case:CreatedDate","MigrationValue":"","FilterGroup":"","LinkedObjectSequence":"","GlobalKey":"DRGetContactCasesCustom9989","Name":"DRGetContactCases","OutputCreationSequence":1,"DefaultValue":"","VlocityRecordSObjectType":"OmniDataTransformItem","LookupReturnedFieldName":"","IsRequiredForUpsert":false,"MigrationProcess":"","FilterDataType":"","VlocityDataPackIsIncluded":true,"InputObjectName":"","FormulaExpression":"","OmniDataTransformationId":{"VlocityRecordSObjectType":"OmniDataTransform","VlocityDataPackType":"VlocityMatchingKeyObject","VlocityMatchingRecordSourceKey":"VlocityRecordSourceKey:0jIW20000000sV3MAI","Name":"DRGetContactCases"},"LookupObjectName":"","MigrationAttribute":"","MigrationGroup":"","FilterValue":"","FilterOperator":"","InputFieldName":"CasePriority:Case:CreatedDate","MigrationKey":"","VlocityRecordSourceKey":"VlocityRecordSourceKey:0kdW20000003O93IAE","IsUpsertKey":false,"OutputFieldFormat":"Date(dd/MM/yyyy)","LookupByFieldName":"","TransformValueMappings":"","Id":"0kdW20000003O93IAE","OutputObjectName":"json"},{"MigrationPattern":"","InputObjectQuerySequence":"","FormulaResultPath":"","VlocityDataPackType":"SObject","FormulaSequence":"","LinkedFieldName":"","IsDisabled":false,"MigrationCategory":"","MigrationType":"","OutputFieldName":"CasePriority:Case:Status","MigrationValue":"","FilterGroup":"","LinkedObjectSequence":"","GlobalKey":"DRGetContactCasesCustom5879","Name":"DRGetContactCases","OutputCreationSequence":1,"DefaultValue":"","VlocityRecordSObjectType":"OmniDataTransformItem","LookupReturnedFieldName":"","IsRequiredForUpsert":false,"MigrationProcess":"","FilterDataType":"","VlocityDataPackIsIncluded":true,"InputObjectName":"","FormulaExpression":"","OmniDataTransformationId":{"VlocityRecordSObjectType":"OmniDataTransform","VlocityDataPackType":"VlocityMatchingKeyObject","VlocityMatchingRecordSourceKey":"VlocityRecordSourceKey:0jIW20000000sV3MAI","Name":"DRGetContactCases"},"LookupObjectName":"","MigrationAttribute":"","MigrationGroup":"","FilterValue":"","FilterOperator":"","InputFieldName":"CasePriority:Case:Status","MigrationKey":"","VlocityRecordSourceKey":"VlocityRecordSourceKey:0kdW20000003OAfIAM","IsUpsertKey":false,"LookupByFieldName":"","OutputFieldFormat":"","TransformValueMappings":"","Id":"0kdW20000003OAfIAM","OutputObjectName":"json"},{"MigrationPattern":"","InputObjectQuerySequence":"","FormulaResultPath":"","VlocityDataPackType":"SObject","FormulaSequence":"","LinkedFieldName":"","IsDisabled":false,"MigrationCategory":"","MigrationType":"","OutputFieldName":"CasePriority:Case:Subject","MigrationValue":"","FilterGroup":"","LinkedObjectSequence":"","GlobalKey":"DRGetContactCasesCustom2348","Name":"DRGetContactCases","OutputCreationSequence":1,"DefaultValue":"","VlocityRecordSObjectType":"OmniDataTransformItem","LookupReturnedFieldName":"","IsRequiredForUpsert":false,"MigrationProcess":"","FilterDataType":"","VlocityDataPackIsIncluded":true,"InputObjectName":"","FormulaExpression":"","OmniDataTransformationId":{"VlocityRecordSObjectType":"OmniDataTransform","VlocityDataPackType":"VlocityMatchingKeyObject","VlocityMatchingRecordSourceKey":"VlocityRecordSourceKey:0jIW20000000sV3MAI","Name":"DRGetContactCases"},"LookupObjectName":"","MigrationAttribute":"","MigrationGroup":"","FilterValue":"","FilterOperator":"","InputFieldName":"CasePriority:Case:Subject","MigrationKey":"","VlocityRecordSourceKey":"VlocityRecordSourceKey:0kdW20000003OCHIA2","IsUpsertKey":false,"LookupByFieldName":"","OutputFieldFormat":"","TransformValueMappings":"","Id":"0kdW20000003OCHIA2","OutputObjectName":"json"},{"MigrationPattern":"","InputObjectQuerySequence":"","FormulaResultPath":"","VlocityDataPackType":"SObject","FormulaSequence":"","LinkedFieldName":"","IsDisabled":false,"MigrationCategory":"","MigrationType":"","OutputFieldName":"CasePriority:Case:Description","MigrationValue":"","FilterGroup":"","LinkedObjectSequence":"","GlobalKey":"DRGetContactCasesCustom90","Name":"DRGetContactCases","OutputCreationSequence":1,"DefaultValue":"","VlocityRecordSObjectType":"OmniDataTransformItem","LookupReturnedFieldName":"","IsRequiredForUpsert":false,"MigrationProcess":"","FilterDataType":"","VlocityDataPackIsIncluded":true,"InputObjectName":"","FormulaExpression":"","OmniDataTransformationId":{"VlocityRecordSObjectType":"OmniDataTransform","VlocityDataPackType":"VlocityMatchingKeyObject","VlocityMatchingRecordSourceKey":"VlocityRecordSourceKey:0jIW20000000sV3MAI","Name":"DRGetContactCases"},"LookupObjectName":"","MigrationAttribute":"","MigrationGroup":"","FilterValue":"","FilterOperator":"","InputFieldName":"CasePriority:Case:Description","MigrationKey":"","VlocityRecordSourceKey":"VlocityRecordSourceKey:0kdW20000003ODtIAM","IsUpsertKey":false,"LookupByFieldName":"","OutputFieldFormat":"","TransformValueMappings":"","Id":"0kdW20000003ODtIAM","OutputObjectName":"json"},{"MigrationPattern":"","InputObjectQuerySequence":"","FormulaResultPath":"","VlocityDataPackType":"SObject","FormulaSequence":"","LinkedFieldName":"","IsDisabled":false,"MigrationCategory":"","MigrationType":"","OutputFieldName":"CasePriority:Priority","MigrationValue":"","FilterGroup":"","LinkedObjectSequence":"","GlobalKey":"DRGetContactCasesCustom1363","Name":"DRGetContactCases","OutputCreationSequence":1,"DefaultValue":"","VlocityRecordSObjectType":"OmniDataTransformItem","LookupReturnedFieldName":"","IsRequiredForUpsert":false,"MigrationProcess":"","FilterDataType":"","VlocityDataPackIsIncluded":true,"InputObjectName":"","FormulaExpression":"","OmniDataTransformationId":{"VlocityRecordSObjectType":"OmniDataTransform","VlocityDataPackType":"VlocityMatchingKeyObject","VlocityMatchingRecordSourceKey":"VlocityRecordSourceKey:0jIW20000000sV3MAI","Name":"DRGetContactCases"},"LookupObjectName":"","MigrationAttribute":"","MigrationGroup":"","FilterValue":"","FilterOperator":"","InputFieldName":"CasePriority:Priority","MigrationKey":"","VlocityRecordSourceKey":"VlocityRecordSourceKey:0kdW20000003OFVIA2","IsUpsertKey":false,"LookupByFieldName":"","OutputFieldFormat":"","TransformValueMappings":"","Id":"0kdW20000003OFVIA2","OutputObjectName":"json"}],"VlocityDataPackIsIncluded":true,"PreviewSourceObjectData":"","OutputType":"JSON","PreviewJsonData":"{\"Id\":\"003W2000000GydHIAS\"}","IsRollbackOnError":false,"BatchSize":"","ResponseCacheType":"","IsNullInputsIncludedInOutput":false,"VersionNumber":1,"Namespace":"","OutputParsingClass":"","Type":"Extract","IsErrorIgnored":false,"ExpectedInputJson":"","VlocityRecordSourceKey":"VlocityRecordSourceKey:0jIW20000000sV3MAI","ExpectedInputXml":"","RequiredPermission":"","PreviewXmlData":"","InputType":"JSON","Id":"0jIW20000000sV3MAI","ResponseCacheTtlMinutes":"","TargetOutputFileName":"","UniqueName":"","IsFieldLevelSecurityEnabled":false,"PreprocessorClassName":""}],"Id":"DRGetContactCases","VlocityDataPackRelationshipType":"Sibling","VlocityDataPackLabel":"DataRaptor","VlocityDataPackType":"DataRaptor","VlocityDataPackKey":"bb763d1324156574b952e9cfdfa64bea"},"VlocityDataPackAllRelationships":{"b4ca1a82573ef77912c48702c661dce1":"Reference by Name"},"DataPackAttachmentSize":18714,"DataPackAttachmentParentId":"0ncW20000001FHxIAM","DataPackAttachmentId":"00PW2000000AdbDMAS","ActivationStatus":"NA"}],"dataPackId":"0ncW20000001FHxIAM","alreadyExportedKeys":[],"name":"ContactCaseReport","description":"","version":1,"Status":"Complete"}