{
  "versionMinor" : 0,
  "versionMajor" : 2,
  "matchPatterns" : [ {
    "type" : "Wildcard",
    "target" : "fieldworkgeoId",
    "match" : "Fieldwork*Light*"
  }, {
    "type" : "Wildcard",
    "target" : "fieldworkgeodemibold1",
    "match" : "Fieldwork*Demibold*"
  }, {
    "match" : "Fieldwork*Light*",
    "target" : "fieldworkgeoId",
    "type" : "Wildcard"
  }, {
    "match" : "Fieldwork*Demibold*",
    "target" : "fieldworkgeodemibold1",
    "type" : "Wildcard"
  }, {
    "match" : "Wingdings",
    "target" : "openwingdings1",
    "type" : "String"
  }, {
    "match" : "Open*Sans*",
    "target" : "opensans1",
    "type" : "Wildcard"
  }, {
    "match" : "Opensymbol*",
    "target" : "opensymbol1",
    "type" : "Wildcard"
  }, {
    "match" : "Liberation*Serif*",
    "target" : "liberationserif1",
    "type" : "Wildcard"
  }, {
    "match" : "Times*New*Roman*",
    "target" : "liberationserif1",
    "type" : "Wildcard"
  }, {
    "match" : "Arial",
    "target" : "arimo1",
    "type" : "Wildcard"
  }, {
    "match" : "Arimo*",
    "target" : "arimo1",
    "type" : "Wildcard"
  }, {
    "match" : "Caladea*",
    "target" : "caladea1",
    "type" : "Wildcard"
  }, {
    "match" : "Cambria",
    "target" : "caladea1",
    "type" : "String"
  }, {
    "match" : "Carlito*",
    "target" : "carlito1",
    "type" : "Wildcard"
  }, {
    "match" : "Calibri",
    "target" : "carlito1",
    "type" : "String"
  }, {
    "target" : "opensans1",
    "type" : "All"
  } ],
  "fontList" : [ {
    "coverage" : "U+20-7F,U+A0-370,U+374-376,U+37A-37F,U+384-38B,U+38C,U+38E-3A2,U+3A3-3CF,U+3D0-514,U+51A-51E,U+591-5C8,U+5D0-5EB,U+5F0-5F5,U+1D00-1DCB,U+1DFE-1E9C,U+1E9E,U+1EA0-1EFA,U+1F00-1F16,U+1F18-1F1E,U+1F20-1F46,U+1F48-1F4E,U+1F50-1F58,U+1F59,U+1F5B,U+1F5D,U+1F5F-1F7E,U+1F80-1FB5,U+1FB6-1FC5,U+1FC6-1FD4,U+1FD6-1FDC,U+1FDD-1FF0,U+1FF2-1FF5,U+1FF6-1FFF,U+2000-2010,U+2012-2023,U+2026,U+202A-2031,U+2032-2035,U+2039-203B,U+203C,U+203E,U+2044,U+205E,U+206A-2070,U+2074-2076,U+2077-2079,U+207F,U+2090-2095,U+20A0-20B6,U+20F0,U+2105,U+2113,U+2116-2118,U+2122,U+2126,U+212E,U+214D-214F,U+2153-2155,U+215B-215F,U+2184,U+2190-2196,U+21A8,U+2202,U+2206,U+220F,U+2211-2213,U+2215,U+2219-221B,U+221E-2220,U+2229,U+222B,U+2248,U+2260-2262,U+2264-2266,U+2302,U+2310,U+2320-2322,U+2500,U+2502,U+250C,U+2510,U+2514,U+2518,U+251C,U+2524,U+252C,U+2534,U+253C,U+2550-256D,U+2580,U+2584,U+2588,U+258C,U+2590-2594,U+25A0-25A2,U+25AA-25AD,U+25B2,U+25BA,U+25BC,U+25C4,U+25CA-25CD,U+25CF,U+25D8-25DA,U+25E6,U+263A-263D,U+2640,U+2642,U+2660,U+2663,U+2665-2667,U+266A-266C,U+266F,U+2C60-2C6E,U+2C71-2C78,U+2E17,U+A717-A722,U+A788-A78D,U+F004,U+FB01-FB03,U+FB1D-FB37,U+FB38-FB3D,U+FB3E,U+FB40-FB42,U+FB43-FB45,U+FB46-FB50,U+FE20-FE24,U+FFFC",
    "ext" : [ "ttf" ],
    "family" : "Liberation Serif",
    "id" : "liberationserif1",
    "variants" : {
      "500" : "../../../resource/1690791459000/omnistudio__cs_pdftron_webfonts_liberationserif/LiberationSerif",
      "500I" : "../../../resource/1690791459000/omnistudio__cs_pdftron_webfonts_liberationserif/LiberationSerifItalic",
      "700" : "../../../resource/1690791459000/omnistudio__cs_pdftron_webfonts_liberationserif/LiberationSerifBold",
      "700I" : "../../../resource/1690791459000/omnistudio__cs_pdftron_webfonts_liberationserif/LiberationSerifBoldItalic"
    }
  }, {
    "coverage" : "U+20-7F,U+A0-370,U+374-376,U+37A-37F,U+384-38B,U+38C,U+38E-3A2,U+3A3-3CF,U+3D0-514,U+51A-51E,U+591-5C8,U+5D0-5EB,U+5F0-5F5,U+1D00-1DCB,U+1DFE-1E9C,U+1E9E,U+1EA0-1EFA,U+1F00-1F16,U+1F18-1F1E,U+1F20-1F46,U+1F48-1F4E,U+1F50-1F58,U+1F59,U+1F5B,U+1F5D,U+1F5F-1F7E,U+1F80-1FB5,U+1FB6-1FC5,U+1FC6-1FD4,U+1FD6-1FDC,U+1FDD-1FF0,U+1FF2-1FF5,U+1FF6-1FFF,U+2000-2010,U+2012-2023,U+2026,U+202A-2031,U+2032-2035,U+2039-203B,U+203C,U+203E,U+2044,U+205E,U+206A-2070,U+2074-2076,U+2077-2079,U+207F,U+2090-2095,U+20A0-20B6,U+20F0,U+2105,U+2113,U+2116-2118,U+2122,U+2126,U+212E,U+214D-214F,U+2153-2155,U+215B-215F,U+2184,U+2190-2196,U+21A8,U+2202,U+2206,U+220F,U+2211-2213,U+2215,U+2219-221B,U+221E-2220,U+2229,U+222B,U+2248,U+2260-2262,U+2264-2266,U+2302,U+2310,U+2320-2322,U+2500,U+2502,U+250C,U+2510,U+2514,U+2518,U+251C,U+2524,U+252C,U+2534,U+253C,U+2550-256D,U+2580,U+2584,U+2588,U+258C,U+2590-2594,U+25A0-25A2,U+25AA-25AD,U+25B2,U+25BA,U+25BC,U+25C4,U+25CA-25CD,U+25CF,U+25D8-25DA,U+25E6,U+263A-263D,U+2640,U+2642,U+2660,U+2663,U+2665-2667,U+266A-266C,U+266F,U+2C60-2C6E,U+2C71-2C78,U+2E17,U+A717-A722,U+A788-A78D,U+F001-F003,U+F005,U+F00A-F00F,U+FB01-FB03,U+FB1D-FB37,U+FB38-FB3D,U+FB3E,U+FB40-FB42,U+FB43-FB45,U+FB46-FB50,U+FE20-FE24,U+FFFC",
    "ext" : [ "ttf" ],
    "family" : "Arimo",
    "id" : "arimo1",
    "variants" : {
      "500" : "../../../resource/1690791459000/omnistudio__cs_pdftron_webfonts_arimo/Arimo-Regular",
      "500I" : "../../../resource/1690791459000/omnistudio__cs_pdftron_webfonts_arimo/Arimo-Italic",
      "700" : "../../../resource/1690791459000/omnistudio__cs_pdftron_webfonts_arimo/Arimo-Bold",
      "700I" : "../../../resource/1690791459000/omnistudio__cs_pdftron_webfonts_arimo/Arimo-BoldItalic"
    }
  }, {
    "coverage" : "U+20-7F,U+A0-180,U+192,U+1FA-200,U+237,U+2C6-2C8,U+2C9,U+2D8-2DE,U+1E80-1E86,U+1EBC-1EBE,U+1EF2-1EF4,U+1EF8-1EFA,U+2013-2016,U+2017-201F,U+2020-2023,U+2026,U+2030,U+2032-2034,U+2039-203B,U+203C,U+203E,U+2044,U+207F,U+20A3-20A5,U+20A7,U+20AC,U+2105,U+2113,U+2116,U+2122,U+2126,U+212E,U+215B-215F,U+2190-2196,U+21A8,U+2202,U+2206,U+220F,U+2211-2213,U+2215,U+2219-221B,U+221E-2220,U+2229,U+222B,U+2248,U+2260-2262,U+2264-2266,U+2302,U+2310,U+2320-2322,U+F6C3,U+FB01-FB03",
    "ext" : [ "ttf" ],
    "family" : "Caladea",
    "id" : "caladea1",
    "variants" : {
      "500" : "../../../resource/1690791459000/omnistudio__cs_pdftron_webfonts_caladea/Caladea-Regular",
      "500I" : "../../../resource/1690791459000/omnistudio__cs_pdftron_webfonts_caladea/Caladea-Italic",
      "700" : "../../../resource/1690791459000/omnistudio__cs_pdftron_webfonts_caladea/Caladea-Bold",
      "700I" : "../../../resource/1690791459000/omnistudio__cs_pdftron_webfonts_caladea/Caladea-BoldItalic"
    }
  }, {
    "coverage" : "U+20-7F,U+A1-AD,U+AE-2BA,U+2BB-2C9,U+2CB-2F4,U+2F5,U+2F7-300,U+305,U+30D-312,U+313-316,U+318-323,U+325,U+329-32C,U+32F,U+332-334,U+336,U+339-340,U+343,U+346-358,U+359-370,U+374-376,U+37A-37F,U+384-38B,U+38C,U+38E-3A2,U+3A3-3CF,U+3D0-476,U+477-487,U+488-514,U+E3F,U+1D00-1D08,U+1D09-1D59,U+1D5A-1DCB,U+1DFE-1E9C,U+1E9E,U+1EA0-1EFA,U+1F00-1F16,U+1F18-1F1E,U+1F20-1F46,U+1F48-1F4E,U+1F50-1F58,U+1F59,U+1F5B,U+1F5D,U+1F5F-1F7E,U+1F80-1FB5,U+1FB6-1FBE,U+1FBF-1FC5,U+1FC6-1FD4,U+1FD6-1FDC,U+1FDD-1FF0,U+1FF2-1FF5,U+1FF6-1FFF,U+2000-2010,U+2012-2023,U+2026,U+202F-2031,U+2033-2035,U+2039-203B,U+203C-203F,U+2044,U+205E-2060,U+2070-2072,U+2074-2095,U+20A0-20B6,U+20B8-20BA,U+20DD,U+2105,U+2113,U+2116-2118,U+2120,U+2122,U+2126,U+212E,U+2132,U+214D-214F,U+2153-2160,U+2183-2185,U+2190-219A,U+21A8,U+2202,U+2206,U+220F,U+2211-2213,U+2215,U+221A,U+221E-2220,U+2229,U+222B,U+2248,U+2260-2262,U+2264-2266,U+2302,U+2310,U+2320-2322,U+2460-2474,U+24EA-24F5,U+24FF-2501,U+2502,U+250C,U+2510,U+2514,U+2518,U+25A1,U+25AA-25AC,U+25CA-25CD,U+25CF,U+25E6,U+2600,U+263C,U+2669,U+2776-2780,U+2C60-2C6D,U+2C74-2C78,U+2E17,U+A717-A71B,U+A720-A722,U+F8FF,U+FB00-FB05,U+FE20-FE24",
    "ext" : [ "ttf" ],
    "family" : "Carlito",
    "id" : "carlito1",
    "variants" : {
      "500" : "../../../resource/1690791459000/omnistudio__cs_pdftron_webfonts_carlito/Carlito-Regular",
      "500I" : "../../../resource/1690791459000/omnistudio__cs_pdftron_webfonts_carlito/Carlito-Italic",
      "700" : "../../../resource/1690791459000/omnistudio__cs_pdftron_webfonts_carlito/Carlito-Bold",
      "700I" : "../../../resource/1690791459000/omnistudio__cs_pdftron_webfonts_carlito/Carlito-BoldItalic"
    }
  }, {
    "coverage" : "U+20-7F,U+A0-180,U+192,U+1A0-1A2,U+1AF-1B1,U+1F0,U+1FA-200,U+218-21C,U+237,U+2BC,U+2C6-2C8,U+2C9,U+2D8-2DE,U+2F3,U+300-302,U+303,U+309,U+30F,U+323,U+384-38B,U+38C,U+38E-3A2,U+3A3-3CF,U+3D1-3D3,U+3D6,U+400-487,U+488-514,U+1E00-1E02,U+1E3E-1E40,U+1E80-1E86,U+1EA0-1EFA,U+1F4D,U+2000-200C,U+2013-2016,U+2017-201F,U+2020-2023,U+2026,U+2030,U+2032-2034,U+2039-203B,U+203C,U+2044,U+2070,U+2074-207A,U+207F,U+20A3-20A5,U+20A7,U+20AB-20AD,U+2105,U+2113,U+2116,U+2120,U+2122,U+2126,U+212E,U+215B-215F,U+2202,U+2206,U+220F,U+2211-2213,U+221A,U+221E,U+222B,U+2248,U+2260,U+2264-2266,U+25CA,U+FB00-FB05,U+FFFC-FFFE",
    "ext" : [ "ttf" ],
    "family" : "Open Sans",
    "id" : "opensans1",
    "variants" : {
      "300" : "../../../resource/1690791459000/omnistudio__cs_pdftron_webfonts_opensans/OpenSansLight",
      "300I" : "../../../resource/1690791459000/omnistudio__cs_pdftron_webfonts_opensans/OpenSansLightItalic",
      "500" : "../../../resource/1690791459000/omnistudio__cs_pdftron_webfonts_opensans/OpenSans",
      "500I" : "../../../resource/1690791459000/omnistudio__cs_pdftron_webfonts_opensans/OpenSansItalic",
      "600" : "../../../resource/1690791459000/omnistudio__cs_pdftron_webfonts_opensans/OpenSansSemibold",
      "600I" : "../../../resource/1690791459000/omnistudio__cs_pdftron_webfonts_opensans/OpenSansSemiboldItalic",
      "700" : "../../../resource/1690791459000/omnistudio__cs_pdftron_webfonts_opensans/OpenSansBold",
      "700I" : "../../../resource/1690791459000/omnistudio__cs_pdftron_webfonts_opensans/OpenSansBoldItalic",
      "800" : "../../../resource/1690791459000/omnistudio__cs_pdftron_webfonts_opensans/OpenSansExtrabold",
      "800I" : "../../../resource/1690791459000/omnistudio__cs_pdftron_webfonts_opensans/OpenSansExtraboldItalic"
    }
  }, {
    "coverage" : "U+20-24,U+25-27,U+28-30,U+3A-3F,U+5B,U+5D-5F,U+60,U+7B-7F,U+A2,U+A4-A6,U+A7-A9,U+AB-AE,U+AF-B2,U+B4,U+B6,U+BB,U+BF,U+D7,U+F7,U+152-154,U+160-162,U+178,U+17D-17F,U+192,U+19B,U+2C6-2C8,U+2CA-2CC,U+2D8-2DB,U+2DC,U+300-305,U+306-309,U+30A,U+30C,U+391-3A2,U+3A3-3AA,U+3B1-3CA,U+3D1-3D3,U+3D5-3D7,U+3F1,U+3F5,U+2013-2015,U+2016,U+2018-201B,U+201C-201F,U+2020-2023,U+2026,U+2030,U+2032-2035,U+2039-203B,U+20A1-20A5,U+20A8-20AA,U+20AB-20AD,U+20D7,U+20DB,U+2102,U+2107,U+210A,U+210F,U+2111-2114,U+2115,U+2118,U+211A,U+211C-211E,U+2122,U+2124,U+2127,U+2130-2132,U+2135,U+2190-2196,U+2197-2199,U+21B3,U+21B5,U+21D0,U+21D2,U+21D4,U+21E4-21EA,U+2200,U+2202-2206,U+2207-220A,U+220B,U+220D,U+220F-2214,U+2216-2219,U+221A,U+221D-221F,U+2221-2226,U+2227-2231,U+223C,U+2243,U+2245,U+2248,U+2254-2256,U+2259,U+225D,U+2260-2262,U+2264-2266,U+226A-226C,U+227A-228A,U+2295-229A,U+22A4-22A6,U+22B6-22B8,U+22BE,U+22C5,U+22EE-22F2,U+2308-230C,U+2329-232B,U+2334,U+2373,U+23DE-23E0,U+2460-246A,U+24EA,U+2500-2504,U+25A0-25A2,U+25AA-25AC,U+25B2-25C6,U+25CB,U+25CF,U+25D7,U+25E6,U+260E,U+2611-2613,U+261B,U+261E,U+2639-263B,U+263C,U+2660,U+2663,U+2665-2667,U+2702,U+2708,U+270D-270F,U+2713-2715,U+2717-271D,U+2721-2726,U+272B-2731,U+2733-273A,U+273F,U+2741,U+2744,U+274D,U+274F-2753,U+2756,U+2759,U+2762,U+2780-2795,U+2798,U+279A,U+27A2,U+27B2,U+27B8,U+27C2,U+27E6-27EA,U+2A7D-2A7F,U+301A-301C,U+E001-E014,U+E016,U+E018-E035,U+E036-E039,U+E03A,U+E080-E088,U+E089-E099,U+E09B,U+E09E-E0A2,U+E0A5-E0D2,U+E0D3-E0D7,U+E0D9,U+E0DB-E0DE,U+E100-E152,U+E15D,U+E16A,U+E200-E23F,U+E240-E262,U+E30D-E31D,U+E330,U+E346,U+E34D,U+E38D,U+E39D,U+E3A3,U+E3A9-E3AC,U+E3D0,U+E400-E402,U+E407,U+E409-E40B,U+E41B-E41F,U+E425-E428,U+E429,U+E42C,U+E42E-E431,U+E432-E435,U+E437-E45F,U+E466-E46C,U+E46E-E480,U+E48B-E493,U+E495-E4C5,U+E503-E506,U+E507,U+E51D-E52D,U+E52E-E534,U+E548-E55D,U+E55E-E560,U+E570-E576,U+E578-E57D,U+E584-E588,U+E58D-E591,U+E593-E598,U+E5A5,U+E680-E6A4",
    "ext" : [ "ttf" ],
    "family" : "Opensymbol",
    "id" : "opensymbol1",
    "variants" : {
      "500" : "../../../resource/1690791459000/omnistudio__cs_pdftron_webfonts_openwingdings/OpenSymbol"
    }
  }, {
    "coverage" : "U+4A-4C,U+54,U+6C-77,U+7D,U+80-93,U+9E-A3,U+A6-B6,U+C3-CA,U+D7-FE,U+E34A-E34C,U+E354,U+E36C-E377,U+E37D,U+E380-E393,U+E39E-E3A3,U+E3A6-E3B6,U+E3C3-E3CA,U+E3D7-E3FE,U+F04A-F04C,U+F054,U+F06C-F077,U+F07D,U+F080-F093,U+F09E-F0A3,U+F0A6-F0B6,U+F0C3-F0CA,U+F0D7-F0FE",
    "family" : "Wingdings",
    "id" : "openwingdings1",
    "parent" : "opensymbol1",
    "remappedRanges" : "4A-4C:E425,4E-4E:E429,51-51:E203,54-55:E42E,6C-77:E437,7D-7E:E446,80-93:2780,9E-A3:E466,A6-B6:E46E,C3-CA:E48B,D7-FE:E49D"
  }, {
    "coverage" : "U+20-7F,U+A0-17F,U+18F,U+192,U+19D,U+1E6-1E8,U+1EA-1EC,U+1FA-200,U+218-21C,U+237,U+259,U+272,U+2C6-2C8,U+2D8-2DE,U+301,U+3C0,U+1E80-1E86,U+1E9E,U+1EA0-1EA2,U+1EB8-1EBA,U+1EBC-1EBE,U+1ECA-1ECE,U+1EE4-1EE6,U+1EF2-1EF4,U+1EF8-1EFA,U+2013-2015,U+2018-201B,U+201C-201F,U+2020-2023,U+2026,U+2030,U+2039-203B,U+2044,U+2070,U+2074-207A,U+2080-208A,U+20AC,U+2122,U+212E,U+2153-2155,U+2212,U+2215,U+2219,U+2248,U+2260,U+2264-2266,U+F6C3,U+FB00-FB05",
    "ext" : [ "otf" ],
    "family" : "fieldworkgeo",
    "id" : "fieldworkgeoId",
    "variants" : {
      "500" : "../../../resource/1694596072000/cs_vlocity_webfonts_fieldworkgeo/Fieldwork_Geo_03_Light",
      "500I" : "../../../resource/1694596072000/cs_vlocity_webfonts_fieldworkgeo/Fieldwork_Geo_03_Italic_Light",
      "700" : "../../../resource/1694596072000/cs_vlocity_webfonts_fieldworkgeo/Fieldwork_Geo_05_Demibold"
    }
  }, {
    "coverage" : "U+20-7F,U+A0-17F,U+18F,U+192,U+19D,U+1E6-1E8,U+1EA-1EC,U+1FA-200,U+218-21C,U+237,U+259,U+272,U+2C6-2C8,U+2D8-2DE,U+301,U+3C0,U+1E80-1E86,U+1E9E,U+1EA0-1EA2,U+1EB8-1EBA,U+1EBC-1EBE,U+1ECA-1ECE,U+1EE4-1EE6,U+1EF2-1EF4,U+1EF8-1EFA,U+2013-2015,U+2018-201B,U+201C-201F,U+2020-2023,U+2026,U+2030,U+2039-203B,U+2044,U+2070,U+2074-207A,U+2080-208A,U+20AC,U+2122,U+212E,U+2153-2155,U+2212,U+2215,U+2219,U+2248,U+2260,U+2264-2266,U+F6C3,U+FB00-FB05",
    "ext" : [ "otf" ],
    "family" : "Fieldwork GeoDemibold",
    "id" : "fieldworkgeodemibold1",
    "variants" : {
      "500" : "../../../resource/1694596072000/cs_vlocity_webfonts_fieldworkgeo/Fieldwork_Geo_05_Demibold"
    }
  }, {
    "variants" : {
      "300I" : "../../../resource/1694596072000/cs_vlocity_webfonts_fieldworkgeo/Fieldwork_Geo_03_Italic_Light",
      "300" : "../../../resource/1694596072000/cs_vlocity_webfonts_fieldworkgeo/Fieldwork_Geo_03_Light"
    },
    "id" : "fieldwork1",
    "family" : "Fieldwork",
    "ext" : [ "otf" ],
    "coverage" : "U+20-7F,U+A0-17F,U+18F,U+192,U+19D,U+1E6-1E8,U+1EA-1EC,U+1FA-200,U+218-21C,U+237,U+259,U+272,U+2C6-2C8,U+2D8-2DE,U+301,U+3C0,U+1E80-1E86,U+1E9E,U+1EA0-1EA2,U+1EB8-1EBA,U+1EBC-1EBE,U+1ECA-1ECE,U+1EE4-1EE6,U+1EF2-1EF4,U+1EF8-1EFA,U+2013-2015,U+2018-201B,U+201C-201F,U+2020-2023,U+2026,U+2030,U+2039-203B,U+2044,U+2070,U+2074-207A,U+2080-208A,U+20AC,U+2122,U+212E,U+2153-2155,U+2212,U+2215,U+2219,U+2248,U+2260,U+2264-2266,U+F6C3,U+FB00-FB05"
  }, {
    "variants" : {
      "700" : "../../../resource/1694596072000/cs_vlocity_webfonts_fieldworkgeo/Fieldwork_Geo_05_Demibold",
      "500I" : "../../../resource/1694596072000/cs_vlocity_webfonts_fieldworkgeo/Fieldwork_Geo_03_Italic_Light",
      "500" : "../../../resource/1694596072000/cs_vlocity_webfonts_fieldworkgeo/Fieldwork_Geo_03_Light"
    },
    "id" : "fieldworkgeoId",
    "family" : "fieldworkgeo",
    "ext" : [ "otf" ],
    "coverage" : "U+20-7F,U+A0-17F,U+18F,U+192,U+19D,U+1E6-1E8,U+1EA-1EC,U+1FA-200,U+218-21C,U+237,U+259,U+272,U+2C6-2C8,U+2D8-2DE,U+301,U+3C0,U+1E80-1E86,U+1E9E,U+1EA0-1EA2,U+1EB8-1EBA,U+1EBC-1EBE,U+1ECA-1ECE,U+1EE4-1EE6,U+1EF2-1EF4,U+1EF8-1EFA,U+2013-2015,U+2018-201B,U+201C-201F,U+2020-2023,U+2026,U+2030,U+2039-203B,U+2044,U+2070,U+2074-207A,U+2080-208A,U+20AC,U+2122,U+212E,U+2153-2155,U+2212,U+2215,U+2219,U+2248,U+2260,U+2264-2266,U+F6C3,U+FB00-FB05"
  }, {
    "variants" : {
      "500" : "../../../resource/1694596072000/cs_vlocity_webfonts_fieldworkgeo/Fieldwork_Geo_05_Demibold"
    },
    "id" : "fieldworkgeodemibold1",
    "family" : "Fieldwork GeoDemibold",
    "ext" : [ "otf" ],
    "coverage" : "U+20-7F,U+A0-17F,U+18F,U+192,U+19D,U+1E6-1E8,U+1EA-1EC,U+1FA-200,U+218-21C,U+237,U+259,U+272,U+2C6-2C8,U+2D8-2DE,U+301,U+3C0,U+1E80-1E86,U+1E9E,U+1EA0-1EA2,U+1EB8-1EBA,U+1EBC-1EBE,U+1ECA-1ECE,U+1EE4-1EE6,U+1EF2-1EF4,U+1EF8-1EFA,U+2013-2015,U+2018-201B,U+201C-201F,U+2020-2023,U+2026,U+2030,U+2039-203B,U+2044,U+2070,U+2074-207A,U+2080-208A,U+20AC,U+2122,U+212E,U+2153-2155,U+2212,U+2215,U+2219,U+2248,U+2260,U+2264-2266,U+F6C3,U+FB00-FB05"
  } ]
}