{
  "useVlocityTriggers": true,
  "status": "Complete",
  "processMultiple": true,
  "primaryDataPackType": "OmniScript",
  "primaryDataPackKey": "425675f37af608f09c33b87ba14b19c8",
  "maxDepth": -1,
  "isChunked": false,
  "ignoreAllErrors": false,
  "forceQueueable": false,
  "forceOldDataModel": null,
  "dataPacks": [
    {
      "VlocityPrimarySourceId": "0jNR00000000jbiMAA",
      "VlocityPreviousPageKey": null,
      "VlocityMultiPackParentKey": null,
      "VlocityDepthFromPrimary": 0,
      "VlocityDataPackType": "OmniScript",
      "VlocityDataPackStatus": "Success",
      "VlocityDataPackRelationshipType": "Primary",
      "VlocityDataPackRecords": [],
      "VlocityDataPackParents": [],
      "VlocityDataPackName": "Single Doc - DOCX (LWC)",
      "VlocityDataPackMessage": null,
      "VlocityDataPackLabel": "OmniScript",
      "VlocityDataPackKey": "425675f37af608f09c33b87ba14b19c8",
      "VlocityDataPackIsNotSupported": false,
      "VlocityDataPackIsIncluded": true,
      "VlocityDataPackData": {
        "VlocityDataPackRelationshipType": "Primary",
        "VlocityDataPackKey": "425675f37af608f09c33b87ba14b19c8",
        "VlocityDataPackLabel": "OmniScript",
        "VlocityDataPackType": "OmniScript",
        "Id": "0jNR00000000jbiMAA",
        "OmniProcess": [
          {
            "Id": "0jNR00000000jbiMAA",
            "Name": "Single Doc - DOCX (LWC)",
            "Description": "Demonstrates how a single document can be generated using a DOCX or PPTX template. Uses LWC for generation.",
            "ElementTypeComponentMapping": "{\"ElementTypeToHTMLTemplateList\":[]}",
            "IsMetadataCacheDisabled": false,
            "IsIntegrationProcedure": false,
            "IsOmniScriptEmbeddable": false,
            "IsWebCompEnabled": true,
            "Language": "English",
            "PropertySetConfig": "{\"persistentComponent\":[{\"render\":false,\"label\":\"\",\"remoteClass\":\"\",\"remoteMethod\":\"\",\"remoteTimeout\":30000,\"remoteOptions\":{\"preTransformBundle\":\"\",\"postTransformBundle\":\"\"},\"preTransformBundle\":\"\",\"postTransformBundle\":\"\",\"sendJSONPath\":\"\",\"sendJSONNode\":\"\",\"responseJSONPath\":\"\",\"responseJSONNode\":\"\",\"id\":\"vlcCart\",\"itemsKey\":\"cartItems\",\"modalConfigurationSetting\":{\"modalHTMLTemplateId\":\"vlcProductConfig.html\",\"modalController\":\"ModalProductCtrl\",\"modalSize\":\"lg\"}},{\"render\":false,\"dispOutsideOmni\":false,\"label\":\"\",\"remoteClass\":\"\",\"remoteMethod\":\"\",\"remoteTimeout\":30000,\"remoteOptions\":{\"preTransformBundle\":\"\",\"postTransformBundle\":\"\"},\"preTransformBundle\":\"\",\"postTransformBundle\":\"\",\"id\":\"vlcKnowledge\",\"itemsKey\":\"knowledgeItems\",\"modalConfigurationSetting\":{\"modalHTMLTemplateId\":\"\",\"modalController\":\"\",\"modalSize\":\"lg\"}}],\"allowSaveForLater\":true,\"saveNameTemplate\":null,\"saveExpireInDays\":null,\"saveForLaterRedirectPageName\":\"sflRedirect\",\"saveForLaterRedirectTemplateUrl\":\"vlcSaveForLaterAcknowledge.html\",\"saveContentEncoded\":false,\"saveObjectId\":\"%ContextId%\",\"saveURLPatterns\":{},\"autoSaveOnStepNext\":false,\"elementTypeToHTMLTemplateMapping\":{},\"seedDataJSON\":{},\"trackingCustomData\":{},\"enableKnowledge\":false,\"bLK\":false,\"lkObjName\":null,\"knowledgeArticleTypeQueryFieldsMap\":{},\"timeTracking\":false,\"hideStepChart\":false,\"mergeSavedData\":false,\"visualforcePagesAvailableInPreview\":{},\"cancelType\":\"SObject\",\"allowCancel\":true,\"cancelSource\":\"%ContextId%\",\"cancelRedirectPageName\":\"OmniScriptCancelled\",\"cancelRedirectTemplateUrl\":\"vlcCancelled.html\",\"consoleTabLabel\":\"New\",\"wpm\":false,\"ssm\":false,\"message\":{},\"pubsub\":false,\"autoFocus\":false,\"currencyCode\":\"\",\"showInputWidth\":false,\"rtpSeed\":false,\"consoleTabTitle\":null,\"consoleTabIcon\":\"custom:custom18\",\"errorMessage\":{\"custom\":[]},\"stylesheet\":{\"newport\":\"\",\"lightning\":\"\",\"newportRtl\":\"\",\"lightningRtl\":\"\"},\"stepChartPlacement\":\"right\",\"disableUnloadWarn\":true,\"scrollBehavior\":\"auto\",\"currentLanguage\":\"en_US\"}",
            "SubType": "fndSingleDocxLwc",
            "Type": "docGenerationSample",
            "VersionNumber": 1,
            "WebComponentKey": "d074724e-d2a7-1525-d892-4e75d125e64f",
            "IsTestProcedure": false,
            "OmniProcessType": "OmniScript",
            "IsActive": true,
            "OmniProcessElement": [
              {
                "Id": "0kER00000001gPtMAI",
                "Name": "DocGenerationMechanism",
                "OmniProcessId": {
                  "Name": "Single Doc - DOCX (LWC)",
                  "VlocityRecordSObjectType": "OmniProcess",
                  "VlocityDataPackType": "VlocityMatchingKeyObject",
                  "VlocityMatchingRecordSourceKey": "VlocityRecordSourceKey:0jNR00000000jbiMAA"
                },
                "IsActive": true,
                "Level": 1,
                "OmniProcessVersionNumber": 1,
                "SequenceNumber": 3,
                "ParentElementId": {
                  "Name": "GenerationOptions",
                  "OmniProcessId": {
                    "Name": "Single Doc - DOCX (LWC)",
                    "VlocityRecordSObjectType": "OmniProcess",
                    "VlocityDataPackType": "VlocityMatchingKeyObject",
                    "VlocityMatchingRecordSourceKey": "VlocityRecordSourceKey:0jNR00000000jbiMAA"
                  },
                  "VlocityRecordSObjectType": "OmniProcessElement",
                  "VlocityDataPackType": "VlocityMatchingKeyObject",
                  "VlocityMatchingRecordSourceKey": "VlocityRecordSourceKey:0kER00000001gQ6MAI"
                },
                "ParentElementName": "GenerationOptions",
                "ParentElementType": "Step",
                "PropertySetConfig": "{\"disOnTplt\":false,\"hide\":false,\"HTMLTemplateId\":\"\",\"accessibleInFutureSteps\":false,\"conditionType\":\"Hide if False\",\"show\":null,\"controllingField\":{\"source\":\"\",\"type\":\"\",\"element\":\"\"},\"optionSource\":{\"source\":\"\",\"type\":\"\"},\"options\":[{\"name\":\"ClientSide\",\"value\":\"ClientSide\",\"autoAdv\":null}],\"helpText\":\"\",\"help\":false,\"readOnly\":true,\"repeatLimit\":null,\"repeatClone\":false,\"repeat\":false,\"required\":false,\"inputWidth\":12,\"showInputWidth\":false,\"label\":\"Doc Generation Mechanism\",\"controlWidth\":12,\"defaultValue\":\"ClientSide\"}",
                "IsOmniScriptEmbeddable": false,
                "Type": "Select",
                "VlocityRecordSObjectType": "OmniProcessElement",
                "VlocityDataPackType": "SObject",
                "VlocityRecordSourceKey": "VlocityRecordSourceKey:0kER00000001gPtMAI",
                "VlocityDataPackIsIncluded": true,
                "Description": "",
                "EmbeddedOmniScriptKey": ""
              },
              {
                "Id": "0kER00000001gPuMAI",
                "Name": "EnterObject",
                "OmniProcessId": {
                  "Name": "Single Doc - DOCX (LWC)",
                  "VlocityRecordSObjectType": "OmniProcess",
                  "VlocityDataPackType": "VlocityMatchingKeyObject",
                  "VlocityMatchingRecordSourceKey": "VlocityRecordSourceKey:0jNR00000000jbiMAA"
                },
                "IsActive": true,
                "Level": 0,
                "OmniProcessVersionNumber": 1,
                "SequenceNumber": 0,
                "PropertySetConfig": "{\"label\":\"Enter Object Id\",\"validationRequired\":true,\"previousLabel\":\"Previous\",\"previousWidth\":3,\"nextLabel\":\"Next\",\"nextWidth\":3,\"cancelLabel\":\"Cancel\",\"cancelMessage\":\"Are you sure?\",\"saveLabel\":\"Save for later\",\"saveMessage\":\"Are you sure you want to save it for later?\",\"completeLabel\":\"Complete\",\"completeMessage\":\"Are you sure you want to complete the script?\",\"instruction\":\"\",\"showPersistentComponent\":[true,false],\"remoteClass\":\"\",\"remoteMethod\":\"\",\"remoteTimeout\":30000,\"remoteOptions\":{},\"knowledgeOptions\":{\"language\":\"English\",\"publishStatus\":\"Online\",\"keyword\":\"\",\"dataCategoryCriteria\":\"\",\"remoteTimeout\":30000,\"typeFilter\":\"\"},\"show\":null,\"conditionType\":\"Hide if False\",\"HTMLTemplateId\":\"\",\"instructionKey\":\"\",\"chartLabel\":null,\"allowSaveForLater\":true,\"errorMessage\":{\"custom\":[],\"default\":null},\"wpm\":false,\"ssm\":false,\"message\":{},\"pubsub\":false,\"businessCategory\":\"\",\"businessEvent\":\"\"}",
                "IsOmniScriptEmbeddable": false,
                "Type": "Step",
                "VlocityRecordSObjectType": "OmniProcessElement",
                "VlocityDataPackType": "SObject",
                "VlocityRecordSourceKey": "VlocityRecordSourceKey:0kER00000001gPuMAI",
                "VlocityDataPackIsIncluded": true,
                "Description": "",
                "ParentElementId": "",
                "EmbeddedOmniScriptKey": ""
              },
              {
                "Id": "0kER00000001gPvMAI",
                "Name": "GetDocumentTemplates",
                "OmniProcessId": {
                  "Name": "Single Doc - DOCX (LWC)",
                  "VlocityRecordSObjectType": "OmniProcess",
                  "VlocityDataPackType": "VlocityMatchingKeyObject",
                  "VlocityMatchingRecordSourceKey": "VlocityRecordSourceKey:0jNR00000000jbiMAA"
                },
                "IsActive": true,
                "Level": 0,
                "OmniProcessVersionNumber": 1,
                "SequenceNumber": 1,
                "PropertySetConfig": "{\"controlWidth\":12,\"label\":\"GetDocumentTemplates\",\"bundle\":\"DocGenSample-ExtractDocumentTemplatesLWC\",\"ignoreCache\":false,\"dataRaptor Input Parameters\":[{\"element\":\"TemplateType\",\"inputParam\":\"templateType\"}],\"remoteTimeout\":30000,\"responseJSONPath\":\"\",\"responseJSONNode\":\"\",\"inProgressMessage\":\"In Progress\",\"postMessage\":\"Done\",\"failureNextLabel\":\"Continue\",\"failureAbortLabel\":\"Abort\",\"failureGoBackLabel\":\"Go Back\",\"failureAbortMessage\":\"Are you sure?\",\"validationRequired\":\"Step\",\"redirectPageName\":\"\",\"redirectTemplateUrl\":\"vlcAcknowledge.html\",\"redirectNextLabel\":\"Next\",\"redirectNextWidth\":3,\"redirectPreviousLabel\":\"Previous\",\"redirectPreviousWidth\":3,\"showPersistentComponent\":[true,false],\"show\":null,\"HTMLTemplateId\":\"\",\"wpm\":false,\"ssm\":false,\"message\":{},\"pubsub\":false,\"errorMessage\":{\"custom\":[],\"default\":null},\"enableDefaultAbort\":false,\"enableActionMessage\":false,\"businessCategory\":\"\",\"businessEvent\":\"\"}",
                "IsOmniScriptEmbeddable": false,
                "Type": "DataRaptor Extract Action",
                "VlocityRecordSObjectType": "OmniProcessElement",
                "VlocityDataPackType": "SObject",
                "VlocityRecordSourceKey": "VlocityRecordSourceKey:0kER00000001gPvMAI",
                "VlocityDataPackIsIncluded": true,
                "Description": "",
                "ParentElementId": "",
                "EmbeddedOmniScriptKey": ""
              },
              {
                "Id": "0kER00000001gPwMAI",
                "Name": "SetValues",
                "OmniProcessId": {
                  "Name": "Single Doc - DOCX (LWC)",
                  "VlocityRecordSObjectType": "OmniProcess",
                  "VlocityDataPackType": "VlocityMatchingKeyObject",
                  "VlocityMatchingRecordSourceKey": "VlocityRecordSourceKey:0jNR00000000jbiMAA"
                },
                "IsActive": true,
                "Level": 0,
                "OmniProcessVersionNumber": 1,
                "SequenceNumber": 3,
                "PropertySetConfig": "{\"controlWidth\":12,\"label\":\"\",\"elementValueMap\":{\"selectedTemplate\":\"=IF(%templateId% == null, %PickTemplate|1:SelectTemplate|1%, %selectedTemplate%)\",\"templateType\":\"=%TemplateType%\"},\"showPersistentComponent\":[true,false],\"show\":null,\"HTMLTemplateId\":\"\",\"wpm\":false,\"ssm\":false,\"message\":{},\"pubsub\":false}",
                "IsOmniScriptEmbeddable": false,
                "Type": "Set Values",
                "VlocityRecordSObjectType": "OmniProcessElement",
                "VlocityDataPackType": "SObject",
                "VlocityRecordSourceKey": "VlocityRecordSourceKey:0kER00000001gPwMAI",
                "VlocityDataPackIsIncluded": true,
                "Description": "",
                "ParentElementId": "",
                "EmbeddedOmniScriptKey": ""
              },
              {
                "Id": "0kER00000001gPxMAI",
                "Name": "DocumentViewer",
                "OmniProcessId": {
                  "Name": "Single Doc - DOCX (LWC)",
                  "VlocityRecordSObjectType": "OmniProcess",
                  "VlocityDataPackType": "VlocityMatchingKeyObject",
                  "VlocityMatchingRecordSourceKey": "VlocityRecordSourceKey:0jNR00000000jbiMAA"
                },
                "IsActive": true,
                "Level": 1,
                "OmniProcessVersionNumber": 1,
                "SequenceNumber": 2,
                "ParentElementId": {
                  "Name": "GenerationOptions",
                  "OmniProcessId": {
                    "Name": "Single Doc - DOCX (LWC)",
                    "VlocityRecordSObjectType": "OmniProcess",
                    "VlocityDataPackType": "VlocityMatchingKeyObject",
                    "VlocityMatchingRecordSourceKey": "VlocityRecordSourceKey:0jNR00000000jbiMAA"
                  },
                  "VlocityRecordSObjectType": "OmniProcessElement",
                  "VlocityDataPackType": "VlocityMatchingKeyObject",
                  "VlocityMatchingRecordSourceKey": "VlocityRecordSourceKey:0kER00000001gQ6MAI"
                },
                "ParentElementName": "GenerationOptions",
                "ParentElementType": "Step",
                "PropertySetConfig": "{\"controlWidth\":12,\"label\":\"Document Viewer\",\"showInputWidth\":false,\"inputWidth\":12,\"required\":false,\"repeat\":false,\"repeatClone\":false,\"repeatLimit\":null,\"readOnly\":false,\"defaultValue\":\"PDF\",\"help\":false,\"helpText\":\"\",\"options\":[{\"name\":\"PDF\",\"value\":\"PDF\",\"autoAdv\":null},{\"name\":\"None\",\"value\":\"None\",\"autoAdv\":null}],\"optionSource\":{\"type\":\"\",\"source\":\"\"},\"controllingField\":{\"element\":\"\",\"type\":\"\",\"source\":\"\"},\"show\":null,\"conditionType\":\"Hide if False\",\"accessibleInFutureSteps\":false,\"HTMLTemplateId\":\"\",\"hide\":false,\"disOnTplt\":false}",
                "IsOmniScriptEmbeddable": false,
                "Type": "Select",
                "VlocityRecordSObjectType": "OmniProcessElement",
                "VlocityDataPackType": "SObject",
                "VlocityRecordSourceKey": "VlocityRecordSourceKey:0kER00000001gPxMAI",
                "VlocityDataPackIsIncluded": true,
                "Description": "",
                "EmbeddedOmniScriptKey": ""
              },
              {
                "Id": "0kER00000001gPyMAI",
                "Name": "PdfGenerationSource",
                "OmniProcessId": {
                  "Name": "Single Doc - DOCX (LWC)",
                  "VlocityRecordSObjectType": "OmniProcess",
                  "VlocityDataPackType": "VlocityMatchingKeyObject",
                  "VlocityMatchingRecordSourceKey": "VlocityRecordSourceKey:0jNR00000000jbiMAA"
                },
                "IsActive": true,
                "Level": 1,
                "OmniProcessVersionNumber": 1,
                "SequenceNumber": 4,
                "ParentElementId": {
                  "Name": "GenerationOptions",
                  "OmniProcessId": {
                    "Name": "Single Doc - DOCX (LWC)",
                    "VlocityRecordSObjectType": "OmniProcess",
                    "VlocityDataPackType": "VlocityMatchingKeyObject",
                    "VlocityMatchingRecordSourceKey": "VlocityRecordSourceKey:0jNR00000000jbiMAA"
                  },
                  "VlocityRecordSObjectType": "OmniProcessElement",
                  "VlocityDataPackType": "VlocityMatchingKeyObject",
                  "VlocityMatchingRecordSourceKey": "VlocityRecordSourceKey:0kER00000001gQ6MAI"
                },
                "ParentElementName": "GenerationOptions",
                "ParentElementType": "Step",
                "PropertySetConfig": "{\"controlWidth\":12,\"label\":\"Pdf Generation Source\",\"showInputWidth\":false,\"inputWidth\":12,\"required\":false,\"repeat\":false,\"repeatClone\":false,\"repeatLimit\":null,\"readOnly\":true,\"help\":false,\"helpText\":\"\",\"options\":[{\"name\":\"ClientSide\",\"value\":\"ClientSide\",\"autoAdv\":null}],\"optionSource\":{\"type\":\"\",\"source\":\"\"},\"controllingField\":{\"element\":\"\",\"type\":\"\",\"source\":\"\"},\"show\":null,\"conditionType\":\"Hide if False\",\"accessibleInFutureSteps\":false,\"HTMLTemplateId\":\"\",\"hide\":false,\"disOnTplt\":false,\"defaultValue\":\"ClientSide\"}",
                "IsOmniScriptEmbeddable": false,
                "Type": "Select",
                "VlocityRecordSObjectType": "OmniProcessElement",
                "VlocityDataPackType": "SObject",
                "VlocityRecordSourceKey": "VlocityRecordSourceKey:0kER00000001gPyMAI",
                "VlocityDataPackIsIncluded": true,
                "Description": "",
                "EmbeddedOmniScriptKey": ""
              },
              {
                "Id": "0kER00000001gPzMAI",
                "Name": "AttachFileFormat",
                "OmniProcessId": {
                  "Name": "Single Doc - DOCX (LWC)",
                  "VlocityRecordSObjectType": "OmniProcess",
                  "VlocityDataPackType": "VlocityMatchingKeyObject",
                  "VlocityMatchingRecordSourceKey": "VlocityRecordSourceKey:0jNR00000000jbiMAA"
                },
                "IsActive": true,
                "Level": 1,
                "OmniProcessVersionNumber": 1,
                "SequenceNumber": 1,
                "ParentElementId": {
                  "Name": "GenerationOptions",
                  "OmniProcessId": {
                    "Name": "Single Doc - DOCX (LWC)",
                    "VlocityRecordSObjectType": "OmniProcess",
                    "VlocityDataPackType": "VlocityMatchingKeyObject",
                    "VlocityMatchingRecordSourceKey": "VlocityRecordSourceKey:0jNR00000000jbiMAA"
                  },
                  "VlocityRecordSObjectType": "OmniProcessElement",
                  "VlocityDataPackType": "VlocityMatchingKeyObject",
                  "VlocityMatchingRecordSourceKey": "VlocityRecordSourceKey:0kER00000001gQ6MAI"
                },
                "ParentElementName": "GenerationOptions",
                "ParentElementType": "Step",
                "PropertySetConfig": "{\"disOnTplt\":false,\"hide\":false,\"HTMLTemplateId\":\"\",\"accessibleInFutureSteps\":false,\"conditionType\":\"Hide if False\",\"show\":null,\"controllingField\":{\"source\":\"\",\"type\":\"\",\"element\":\"\"},\"optionSource\":{\"source\":\"\",\"type\":\"\"},\"options\":[{\"name\":\"docx\",\"value\":\"Microsoft Word\",\"autoAdv\":null},{\"autoAdv\":null,\"value\":\"PDF\",\"name\":\"pdf\"},{\"autoAdv\":null,\"value\":\"Microsoft PowerPoint\",\"name\":\"pptx\"},{\"autoAdv\":null,\"value\":\"None\",\"name\":\"none\"},{\"name\":\"docx,pdf\",\"value\":\"Word, PDF\",\"autoAdv\":null},{\"name\":\"pptx,pdf\",\"value\":\"PowerPoint, PDF\",\"autoAdv\":null}],\"helpText\":\"\",\"help\":false,\"defaultValue\":\"docx\",\"readOnly\":false,\"repeatLimit\":null,\"repeatClone\":false,\"repeat\":false,\"required\":false,\"inputWidth\":12,\"showInputWidth\":false,\"label\":\"Attach File Format\",\"controlWidth\":12}",
                "IsOmniScriptEmbeddable": false,
                "Type": "Select",
                "VlocityRecordSObjectType": "OmniProcessElement",
                "VlocityDataPackType": "SObject",
                "VlocityRecordSourceKey": "VlocityRecordSourceKey:0kER00000001gPzMAI",
                "VlocityDataPackIsIncluded": true,
                "Description": "",
                "EmbeddedOmniScriptKey": ""
              },
              {
                "Id": "0kER00000001gQ0MAI",
                "Name": "PickTemplate",
                "OmniProcessId": {
                  "Name": "Single Doc - DOCX (LWC)",
                  "VlocityRecordSObjectType": "OmniProcess",
                  "VlocityDataPackType": "VlocityMatchingKeyObject",
                  "VlocityMatchingRecordSourceKey": "VlocityRecordSourceKey:0jNR00000000jbiMAA"
                },
                "IsActive": true,
                "Level": 0,
                "OmniProcessVersionNumber": 1,
                "SequenceNumber": 2,
                "PropertySetConfig": "{\"label\":\"Pick a template\",\"validationRequired\":true,\"previousLabel\":\"Previous\",\"previousWidth\":3,\"nextLabel\":\"Next\",\"nextWidth\":3,\"cancelLabel\":\"Cancel\",\"cancelMessage\":\"Are you sure?\",\"saveLabel\":\"Save for later\",\"saveMessage\":\"Are you sure you want to save it for later?\",\"completeLabel\":\"Complete\",\"completeMessage\":\"Are you sure you want to complete the script?\",\"instruction\":\"\",\"showPersistentComponent\":[true,false],\"remoteClass\":\"\",\"remoteMethod\":\"\",\"remoteTimeout\":30000,\"remoteOptions\":{},\"knowledgeOptions\":{\"language\":\"English\",\"publishStatus\":\"Online\",\"keyword\":\"\",\"dataCategoryCriteria\":\"\",\"remoteTimeout\":30000,\"typeFilter\":\"\"},\"show\":null,\"conditionType\":\"Hide if False\",\"HTMLTemplateId\":\"\",\"instructionKey\":\"\",\"chartLabel\":null,\"allowSaveForLater\":true,\"errorMessage\":{\"custom\":[],\"default\":null},\"wpm\":false,\"ssm\":false,\"message\":{},\"pubsub\":false,\"businessCategory\":\"\",\"businessEvent\":\"\"}",
                "IsOmniScriptEmbeddable": false,
                "Type": "Step",
                "VlocityRecordSObjectType": "OmniProcessElement",
                "VlocityDataPackType": "SObject",
                "VlocityRecordSourceKey": "VlocityRecordSourceKey:0kER00000001gQ0MAI",
                "VlocityDataPackIsIncluded": true,
                "Description": "",
                "ParentElementId": "",
                "EmbeddedOmniScriptKey": ""
              },
              {
                "Id": "0kER00000001gQ1MAI",
                "Name": "Set Generation Options",
                "OmniProcessId": {
                  "Name": "Single Doc - DOCX (LWC)",
                  "VlocityRecordSObjectType": "OmniProcess",
                  "VlocityDataPackType": "VlocityMatchingKeyObject",
                  "VlocityMatchingRecordSourceKey": "VlocityRecordSourceKey:0jNR00000000jbiMAA"
                },
                "IsActive": true,
                "Level": 0,
                "OmniProcessVersionNumber": 1,
                "SequenceNumber": 5,
                "PropertySetConfig": "{\"controlWidth\":12,\"label\":\"\",\"elementValueMap\":{\"attachFileFormat\":\"=%GenerationOptions:AttachFileFormat%\",\"docGenerationMechanism\":\"=%GenerationOptions:DocGenerationMechanism%\",\"documentViewer\":\"=%GenerationOptions:DocumentViewer%\",\"downloadFileFormat\":\"=%GenerationOptions:DownloadFileFormat%\",\"pdfGenerationSource\":\"=%GenerationOptions:PdfGenerationSource%\",\"useTemplateDRExtract\":\"=%GenerationOptions:UseTemplateDRExtract%\",\"documentTitle\":\"=%GenerationOptions:DocumentTitle%\"},\"showPersistentComponent\":[true,false],\"show\":null,\"HTMLTemplateId\":\"\",\"wpm\":false,\"ssm\":false,\"message\":{},\"pubsub\":false}",
                "IsOmniScriptEmbeddable": false,
                "Type": "Set Values",
                "VlocityRecordSObjectType": "OmniProcessElement",
                "VlocityDataPackType": "SObject",
                "VlocityRecordSourceKey": "VlocityRecordSourceKey:0kER00000001gQ1MAI",
                "VlocityDataPackIsIncluded": true,
                "Description": "",
                "ParentElementId": "",
                "EmbeddedOmniScriptKey": ""
              },
              {
                "Id": "0kER00000001gQ2MAI",
                "Name": "Generate Document",
                "OmniProcessId": {
                  "Name": "Single Doc - DOCX (LWC)",
                  "VlocityRecordSObjectType": "OmniProcess",
                  "VlocityDataPackType": "VlocityMatchingKeyObject",
                  "VlocityMatchingRecordSourceKey": "VlocityRecordSourceKey:0jNR00000000jbiMAA"
                },
                "IsActive": true,
                "Level": 0,
                "OmniProcessVersionNumber": 1,
                "SequenceNumber": 6,
                "PropertySetConfig": "{\"label\":\"Generate Document\",\"validationRequired\":true,\"previousLabel\":\"Previous\",\"previousWidth\":3,\"nextLabel\":\"Next\",\"nextWidth\":3,\"cancelLabel\":\"Cancel\",\"cancelMessage\":\"Are you sure?\",\"saveLabel\":\"Save for later\",\"saveMessage\":\"Are you sure you want to save it for later?\",\"completeLabel\":\"Complete\",\"completeMessage\":\"Are you sure you want to complete the script?\",\"instruction\":\"\",\"showPersistentComponent\":[true,false],\"remoteClass\":\"\",\"remoteMethod\":\"\",\"remoteTimeout\":30000,\"remoteOptions\":{},\"knowledgeOptions\":{\"language\":\"English\",\"publishStatus\":\"Online\",\"keyword\":\"\",\"dataCategoryCriteria\":\"\",\"remoteTimeout\":30000,\"typeFilter\":\"\"},\"show\":null,\"conditionType\":\"Hide if False\",\"HTMLTemplateId\":\"\",\"instructionKey\":\"\",\"chartLabel\":null,\"allowSaveForLater\":true,\"errorMessage\":{\"custom\":[],\"default\":null},\"wpm\":false,\"ssm\":false,\"message\":{},\"pubsub\":false,\"businessCategory\":\"\",\"businessEvent\":\"\"}",
                "IsOmniScriptEmbeddable": false,
                "Type": "Step",
                "VlocityRecordSObjectType": "OmniProcessElement",
                "VlocityDataPackType": "SObject",
                "VlocityRecordSourceKey": "VlocityRecordSourceKey:0kER00000001gQ2MAI",
                "VlocityDataPackIsIncluded": true,
                "Description": "",
                "ParentElementId": "",
                "EmbeddedOmniScriptKey": ""
              },
              {
                "Id": "0kER00000001gQ3MAI",
                "Name": "GenerateDocumentWord",
                "OmniProcessId": {
                  "Name": "Single Doc - DOCX (LWC)",
                  "VlocityRecordSObjectType": "OmniProcess",
                  "VlocityDataPackType": "VlocityMatchingKeyObject",
                  "VlocityMatchingRecordSourceKey": "VlocityRecordSourceKey:0jNR00000000jbiMAA"
                },
                "IsActive": true,
                "Description": "context-id -- SObjectId like QuoteId, OpportunityId,OrderId & ContractId\nselected-template -- selected Template JSON node from previous step. \ndebug -- optional for debugging\ndocument-title  -- Overrides the Default Document Name/Title of your document",
                "Level": 1,
                "OmniProcessVersionNumber": 1,
                "SequenceNumber": 0,
                "ParentElementId": {
                  "Name": "Generate Document",
                  "OmniProcessId": {
                    "Name": "Single Doc - DOCX (LWC)",
                    "VlocityRecordSObjectType": "OmniProcess",
                    "VlocityDataPackType": "VlocityMatchingKeyObject",
                    "VlocityMatchingRecordSourceKey": "VlocityRecordSourceKey:0jNR00000000jbiMAA"
                  },
                  "VlocityRecordSObjectType": "OmniProcessElement",
                  "VlocityDataPackType": "VlocityMatchingKeyObject",
                  "VlocityMatchingRecordSourceKey": "VlocityRecordSourceKey:0kER00000001gQ2MAI"
                },
                "ParentElementName": "Generate Document",
                "ParentElementType": "Step",
                "PropertySetConfig": "{\"controlWidth\":12,\"label\":\"Generate Document Word\",\"show\":null,\"conditionType\":\"Hide if False\",\"hide\":false,\"lwcName\":\"%vlocity_namespace%__clmOsDocxGenerateDocument\",\"bStandalone\":false,\"customAttributes\":[{\"name\":\"context-id\",\"source\":\"%EnterObject:ObjectId%\"},{\"name\":\"selected-template\",\"source\":\"%selectedTemplate%\"},{\"name\":\"debug\",\"source\":\"false\"},{\"name\":\"document-title\",\"source\":\"%documentTitle%\"}]}",
                "IsOmniScriptEmbeddable": false,
                "Type": "Custom Lightning Web Component",
                "VlocityRecordSObjectType": "OmniProcessElement",
                "VlocityDataPackType": "SObject",
                "VlocityRecordSourceKey": "VlocityRecordSourceKey:0kER00000001gQ3MAI",
                "VlocityDataPackIsIncluded": true,
                "EmbeddedOmniScriptKey": ""
              },
              {
                "Id": "0kER00000001gQ4MAI",
                "Name": "EmailWordDocument",
                "OmniProcessId": {
                  "Name": "Single Doc - DOCX (LWC)",
                  "VlocityRecordSObjectType": "OmniProcess",
                  "VlocityDataPackType": "VlocityMatchingKeyObject",
                  "VlocityMatchingRecordSourceKey": "VlocityRecordSourceKey:0jNR00000000jbiMAA"
                },
                "IsActive": true,
                "Level": 1,
                "OmniProcessVersionNumber": 1,
                "SequenceNumber": 1,
                "ParentElementId": {
                  "Name": "Generate Document",
                  "OmniProcessId": {
                    "Name": "Single Doc - DOCX (LWC)",
                    "VlocityRecordSObjectType": "OmniProcess",
                    "VlocityDataPackType": "VlocityMatchingKeyObject",
                    "VlocityMatchingRecordSourceKey": "VlocityRecordSourceKey:0jNR00000000jbiMAA"
                  },
                  "VlocityRecordSObjectType": "OmniProcessElement",
                  "VlocityDataPackType": "VlocityMatchingKeyObject",
                  "VlocityMatchingRecordSourceKey": "VlocityRecordSourceKey:0kER00000001gQ2MAI"
                },
                "ParentElementName": "Generate Document",
                "ParentElementType": "Step",
                "PropertySetConfig": "{\"controlWidth\":5,\"label\":\"Email Word/Powerpoint\",\"useTemplate\":false,\"emailTemplateInformation\":{\"emailTemplateName\":\"\",\"emailTargetObjectId\":\"\",\"saveAsActivity\":false,\"whatId\":\"\"},\"emailInformation\":{\"toAddressList\":[\"\"],\"ccAddressList\":[],\"bccAddressList\":[],\"emailSubject\":\"This is a test email\",\"emailBody\":\"This is a test email\",\"setHtmlBody\":false},\"OrgWideEmailAddress\":\"\",\"fileAttachments\":\"\",\"attachmentList\":\"\",\"contentVersionList\":\"%docGenContentVersionId%\",\"staticDocList\":[],\"docList\":\"\",\"remoteTimeout\":30000,\"inProgressMessage\":\"In Progress\",\"postMessage\":\"Done\",\"failureNextLabel\":\"Continue\",\"failureAbortLabel\":\"Abort\",\"failureGoBackLabel\":\"Go Back\",\"failureAbortMessage\":\"Are you sure?\",\"validationRequired\":\"Step\",\"redirectPageName\":\"\",\"redirectTemplateUrl\":\"vlcAcknowledge.html\",\"redirectNextLabel\":\"Next\",\"redirectNextWidth\":3,\"redirectPreviousLabel\":\"Previous\",\"redirectPreviousWidth\":3,\"showPersistentComponent\":[true,false],\"show\":{\"group\":{\"operator\":\"AND\",\"rules\":[{\"data\":\"true\",\"condition\":\"=\",\"field\":\"isWordAttachDone\"}]}},\"HTMLTemplateId\":\"\",\"wpm\":false,\"ssm\":false,\"message\":{},\"pubsub\":false,\"errorMessage\":{\"custom\":[],\"default\":null},\"enableDefaultAbort\":false,\"enableActionMessage\":false,\"businessCategory\":\"\",\"businessEvent\":\"\"}",
                "IsOmniScriptEmbeddable": false,
                "Type": "Email Action",
                "VlocityRecordSObjectType": "OmniProcessElement",
                "VlocityDataPackType": "SObject",
                "VlocityRecordSourceKey": "VlocityRecordSourceKey:0kER00000001gQ4MAI",
                "VlocityDataPackIsIncluded": true,
                "Description": "",
                "EmbeddedOmniScriptKey": ""
              },
              {
                "Id": "0kER00000001gQ5MAI",
                "Name": "EmailPDFDocument",
                "OmniProcessId": {
                  "Name": "Single Doc - DOCX (LWC)",
                  "VlocityRecordSObjectType": "OmniProcess",
                  "VlocityDataPackType": "VlocityMatchingKeyObject",
                  "VlocityMatchingRecordSourceKey": "VlocityRecordSourceKey:0jNR00000000jbiMAA"
                },
                "IsActive": true,
                "Level": 1,
                "OmniProcessVersionNumber": 1,
                "SequenceNumber": 2,
                "ParentElementId": {
                  "Name": "Generate Document",
                  "OmniProcessId": {
                    "Name": "Single Doc - DOCX (LWC)",
                    "VlocityRecordSObjectType": "OmniProcess",
                    "VlocityDataPackType": "VlocityMatchingKeyObject",
                    "VlocityMatchingRecordSourceKey": "VlocityRecordSourceKey:0jNR00000000jbiMAA"
                  },
                  "VlocityRecordSObjectType": "OmniProcessElement",
                  "VlocityDataPackType": "VlocityMatchingKeyObject",
                  "VlocityMatchingRecordSourceKey": "VlocityRecordSourceKey:0kER00000001gQ2MAI"
                },
                "ParentElementName": "Generate Document",
                "ParentElementType": "Step",
                "PropertySetConfig": "{\"businessEvent\":\"\",\"businessCategory\":\"\",\"enableActionMessage\":false,\"enableDefaultAbort\":false,\"errorMessage\":{\"default\":null,\"custom\":[]},\"pubsub\":false,\"message\":{},\"ssm\":false,\"wpm\":false,\"HTMLTemplateId\":\"\",\"show\":{\"group\":{\"operator\":\"AND\",\"rules\":[{\"data\":\"true\",\"condition\":\"=\",\"field\":\"isPDFAttachDone\"}]}},\"showPersistentComponent\":[true,false],\"redirectPreviousWidth\":3,\"redirectPreviousLabel\":\"Previous\",\"redirectNextWidth\":3,\"redirectNextLabel\":\"Next\",\"redirectTemplateUrl\":\"vlcAcknowledge.html\",\"redirectPageName\":\"\",\"validationRequired\":\"Step\",\"failureAbortMessage\":\"Are you sure?\",\"failureGoBackLabel\":\"Go Back\",\"failureAbortLabel\":\"Abort\",\"failureNextLabel\":\"Continue\",\"postMessage\":\"Done\",\"inProgressMessage\":\"In Progress\",\"remoteTimeout\":30000,\"docList\":\"\",\"staticDocList\":[],\"contentVersionList\":\"%pdfGenContentVersionId%\",\"attachmentList\":\"\",\"fileAttachments\":\"\",\"OrgWideEmailAddress\":\"\",\"emailInformation\":{\"setHtmlBody\":false,\"emailBody\":\"This is a test email\",\"emailSubject\":\"This is a test email\",\"bccAddressList\":[],\"ccAddressList\":[],\"toAddressList\":[\"\"]},\"emailTemplateInformation\":{\"whatId\":\"\",\"saveAsActivity\":false,\"emailTargetObjectId\":\"\",\"emailTemplateName\":\"\"},\"useTemplate\":false,\"label\":\"Email PDF\",\"controlWidth\":5}",
                "IsOmniScriptEmbeddable": false,
                "Type": "Email Action",
                "VlocityRecordSObjectType": "OmniProcessElement",
                "VlocityDataPackType": "SObject",
                "VlocityRecordSourceKey": "VlocityRecordSourceKey:0kER00000001gQ5MAI",
                "VlocityDataPackIsIncluded": true,
                "Description": "",
                "EmbeddedOmniScriptKey": ""
              },
              {
                "Id": "0kER00000001gQ6MAI",
                "Name": "GenerationOptions",
                "OmniProcessId": {
                  "Name": "Single Doc - DOCX (LWC)",
                  "VlocityRecordSObjectType": "OmniProcess",
                  "VlocityDataPackType": "VlocityMatchingKeyObject",
                  "VlocityMatchingRecordSourceKey": "VlocityRecordSourceKey:0jNR00000000jbiMAA"
                },
                "IsActive": true,
                "Level": 0,
                "OmniProcessVersionNumber": 1,
                "SequenceNumber": 4,
                "PropertySetConfig": "{\"label\":\"Generation Options\",\"validationRequired\":true,\"previousLabel\":\"Previous\",\"previousWidth\":3,\"nextLabel\":\"Next\",\"nextWidth\":3,\"cancelLabel\":\"Cancel\",\"cancelMessage\":\"Are you sure?\",\"saveLabel\":\"Save for later\",\"saveMessage\":\"Are you sure you want to save it for later?\",\"completeLabel\":\"Complete\",\"completeMessage\":\"Are you sure you want to complete the script?\",\"instruction\":\"\",\"showPersistentComponent\":[true,false],\"remoteClass\":\"\",\"remoteMethod\":\"\",\"remoteTimeout\":30000,\"remoteOptions\":{},\"knowledgeOptions\":{\"language\":\"English\",\"publishStatus\":\"Online\",\"keyword\":\"\",\"dataCategoryCriteria\":\"\",\"remoteTimeout\":30000,\"typeFilter\":\"\"},\"show\":null,\"conditionType\":\"Hide if False\",\"HTMLTemplateId\":\"\",\"instructionKey\":\"\",\"chartLabel\":null,\"allowSaveForLater\":true,\"errorMessage\":{\"custom\":[],\"default\":null},\"wpm\":false,\"ssm\":false,\"message\":{},\"pubsub\":false,\"businessCategory\":\"\",\"businessEvent\":\"\"}",
                "IsOmniScriptEmbeddable": false,
                "Type": "Step",
                "VlocityRecordSObjectType": "OmniProcessElement",
                "VlocityDataPackType": "SObject",
                "VlocityRecordSourceKey": "VlocityRecordSourceKey:0kER00000001gQ6MAI",
                "VlocityDataPackIsIncluded": true,
                "Description": "",
                "ParentElementId": "",
                "EmbeddedOmniScriptKey": ""
              },
              {
                "Id": "0kER00000001gQ7MAI",
                "Name": "DownloadFileFormat",
                "OmniProcessId": {
                  "Name": "Single Doc - DOCX (LWC)",
                  "VlocityRecordSObjectType": "OmniProcess",
                  "VlocityDataPackType": "VlocityMatchingKeyObject",
                  "VlocityMatchingRecordSourceKey": "VlocityRecordSourceKey:0jNR00000000jbiMAA"
                },
                "IsActive": true,
                "Level": 1,
                "OmniProcessVersionNumber": 1,
                "SequenceNumber": 0,
                "ParentElementId": {
                  "Name": "GenerationOptions",
                  "OmniProcessId": {
                    "Name": "Single Doc - DOCX (LWC)",
                    "VlocityRecordSObjectType": "OmniProcess",
                    "VlocityDataPackType": "VlocityMatchingKeyObject",
                    "VlocityMatchingRecordSourceKey": "VlocityRecordSourceKey:0jNR00000000jbiMAA"
                  },
                  "VlocityRecordSObjectType": "OmniProcessElement",
                  "VlocityDataPackType": "VlocityMatchingKeyObject",
                  "VlocityMatchingRecordSourceKey": "VlocityRecordSourceKey:0kER00000001gQ6MAI"
                },
                "ParentElementName": "GenerationOptions",
                "ParentElementType": "Step",
                "PropertySetConfig": "{\"controlWidth\":12,\"label\":\"Download File Format\",\"showInputWidth\":false,\"inputWidth\":12,\"required\":false,\"repeat\":false,\"repeatClone\":false,\"repeatLimit\":null,\"readOnly\":false,\"defaultValue\":\"all\",\"help\":false,\"helpText\":\"\",\"options\":[{\"name\":\"all\",\"value\":\"All\",\"autoAdv\":null},{\"name\":\"docx\",\"value\":\"Microsoft Word\",\"autoAdv\":null},{\"name\":\"pdf\",\"value\":\"PDF\",\"autoAdv\":null},{\"name\":\"pptx\",\"value\":\"Microsoft PowerPoint\",\"autoAdv\":null},{\"name\":\"none\",\"value\":\"None\",\"autoAdv\":null}],\"optionSource\":{\"type\":\"\",\"source\":\"\"},\"controllingField\":{\"element\":\"\",\"type\":\"\",\"source\":\"\"},\"show\":null,\"conditionType\":\"Hide if False\",\"accessibleInFutureSteps\":false,\"HTMLTemplateId\":\"\",\"hide\":false,\"disOnTplt\":false}",
                "IsOmniScriptEmbeddable": false,
                "Type": "Select",
                "VlocityRecordSObjectType": "OmniProcessElement",
                "VlocityDataPackType": "SObject",
                "VlocityRecordSourceKey": "VlocityRecordSourceKey:0kER00000001gQ7MAI",
                "VlocityDataPackIsIncluded": true,
                "Description": "",
                "EmbeddedOmniScriptKey": ""
              },
              {
                "Id": "0kER00000001gQ8MAI",
                "Name": "UseTemplateDRExtract",
                "OmniProcessId": {
                  "Name": "Single Doc - DOCX (LWC)",
                  "VlocityRecordSObjectType": "OmniProcess",
                  "VlocityDataPackType": "VlocityMatchingKeyObject",
                  "VlocityMatchingRecordSourceKey": "VlocityRecordSourceKey:0jNR00000000jbiMAA"
                },
                "IsActive": true,
                "Level": 1,
                "OmniProcessVersionNumber": 1,
                "SequenceNumber": 5,
                "ParentElementId": {
                  "Name": "GenerationOptions",
                  "OmniProcessId": {
                    "Name": "Single Doc - DOCX (LWC)",
                    "VlocityRecordSObjectType": "OmniProcess",
                    "VlocityDataPackType": "VlocityMatchingKeyObject",
                    "VlocityMatchingRecordSourceKey": "VlocityRecordSourceKey:0jNR00000000jbiMAA"
                  },
                  "VlocityRecordSObjectType": "OmniProcessElement",
                  "VlocityDataPackType": "VlocityMatchingKeyObject",
                  "VlocityMatchingRecordSourceKey": "VlocityRecordSourceKey:0kER00000001gQ6MAI"
                },
                "ParentElementName": "GenerationOptions",
                "ParentElementType": "Step",
                "PropertySetConfig": "{\"defaultValue\":\"Yes\",\"disOnTplt\":false,\"hide\":false,\"HTMLTemplateId\":\"\",\"accessibleInFutureSteps\":false,\"conditionType\":\"Hide if False\",\"show\":null,\"controllingField\":{\"source\":\"\",\"type\":\"\",\"element\":\"\"},\"optionSource\":{\"source\":\"\",\"type\":\"\"},\"options\":[{\"name\":\"Yes\",\"value\":\"Yes\",\"autoAdv\":null},{\"name\":\"No\",\"value\":\"No\",\"autoAdv\":null}],\"helpText\":\"\",\"help\":false,\"readOnly\":false,\"repeatLimit\":null,\"repeatClone\":false,\"repeat\":false,\"required\":false,\"inputWidth\":12,\"showInputWidth\":false,\"label\":\"Use Template DRExtract?\",\"controlWidth\":12}",
                "IsOmniScriptEmbeddable": false,
                "Type": "Select",
                "VlocityRecordSObjectType": "OmniProcessElement",
                "VlocityDataPackType": "SObject",
                "VlocityRecordSourceKey": "VlocityRecordSourceKey:0kER00000001gQ8MAI",
                "VlocityDataPackIsIncluded": true,
                "Description": "",
                "EmbeddedOmniScriptKey": ""
              },
              {
                "Id": "0kER00000001gQ9MAI",
                "Name": "ObjectId",
                "OmniProcessId": {
                  "Name": "Single Doc - DOCX (LWC)",
                  "VlocityRecordSObjectType": "OmniProcess",
                  "VlocityDataPackType": "VlocityMatchingKeyObject",
                  "VlocityMatchingRecordSourceKey": "VlocityRecordSourceKey:0jNR00000000jbiMAA"
                },
                "IsActive": true,
                "Level": 1,
                "OmniProcessVersionNumber": 1,
                "SequenceNumber": 0,
                "ParentElementId": {
                  "Name": "EnterObject",
                  "OmniProcessId": {
                    "Name": "Single Doc - DOCX (LWC)",
                    "VlocityRecordSObjectType": "OmniProcess",
                    "VlocityDataPackType": "VlocityMatchingKeyObject",
                    "VlocityMatchingRecordSourceKey": "VlocityRecordSourceKey:0jNR00000000jbiMAA"
                  },
                  "VlocityRecordSObjectType": "OmniProcessElement",
                  "VlocityDataPackType": "VlocityMatchingKeyObject",
                  "VlocityMatchingRecordSourceKey": "VlocityRecordSourceKey:0kER00000001gPuMAI"
                },
                "ParentElementName": "EnterObject",
                "ParentElementType": "Step",
                "PropertySetConfig": "{\"controlWidth\":12,\"label\":\"ObjectId\",\"showInputWidth\":false,\"inputWidth\":12,\"required\":true,\"repeat\":false,\"repeatClone\":false,\"repeatLimit\":null,\"readOnly\":false,\"defaultValue\":null,\"help\":false,\"helpText\":\"\",\"mask\":\"\",\"pattern\":\"\",\"ptrnErrText\":\"\",\"minLength\":0,\"maxLength\":255,\"placeholder\":\"\",\"show\":null,\"conditionType\":\"Hide if False\",\"accessibleInFutureSteps\":false,\"debounceValue\":0,\"HTMLTemplateId\":\"\",\"hide\":false,\"disOnTplt\":false}",
                "IsOmniScriptEmbeddable": false,
                "Type": "Text",
                "VlocityRecordSObjectType": "OmniProcessElement",
                "VlocityDataPackType": "SObject",
                "VlocityRecordSourceKey": "VlocityRecordSourceKey:0kER00000001gQ9MAI",
                "VlocityDataPackIsIncluded": true,
                "Description": "",
                "EmbeddedOmniScriptKey": ""
              },
              {
                "Id": "0kER00000001gQAMAY",
                "Name": "TemplateType",
                "OmniProcessId": {
                  "Name": "Single Doc - DOCX (LWC)",
                  "VlocityRecordSObjectType": "OmniProcess",
                  "VlocityDataPackType": "VlocityMatchingKeyObject",
                  "VlocityMatchingRecordSourceKey": "VlocityRecordSourceKey:0jNR00000000jbiMAA"
                },
                "IsActive": true,
                "Level": 1,
                "OmniProcessVersionNumber": 1,
                "SequenceNumber": 1,
                "ParentElementId": {
                  "Name": "EnterObject",
                  "OmniProcessId": {
                    "Name": "Single Doc - DOCX (LWC)",
                    "VlocityRecordSObjectType": "OmniProcess",
                    "VlocityDataPackType": "VlocityMatchingKeyObject",
                    "VlocityMatchingRecordSourceKey": "VlocityRecordSourceKey:0jNR00000000jbiMAA"
                  },
                  "VlocityRecordSObjectType": "OmniProcessElement",
                  "VlocityDataPackType": "VlocityMatchingKeyObject",
                  "VlocityMatchingRecordSourceKey": "VlocityRecordSourceKey:0kER00000001gPuMAI"
                },
                "ParentElementName": "EnterObject",
                "ParentElementType": "Step",
                "PropertySetConfig": "{\"controlWidth\":12,\"label\":\"Template Type\",\"showInputWidth\":false,\"inputWidth\":12,\"required\":true,\"repeat\":false,\"repeatClone\":false,\"repeatLimit\":null,\"readOnly\":false,\"defaultValue\":null,\"help\":false,\"helpText\":\"\",\"options\":[{\"name\":\"MicrosoftWord\",\"value\":\"Microsoft Word .DOCX Template\",\"autoAdv\":null},{\"name\":\"MicrosoftPowerpoint\",\"value\":\"Microsoft Powerpoint .PPTX Template\",\"autoAdv\":null}],\"optionSource\":{\"type\":\"\",\"source\":\"\"},\"controllingField\":{\"element\":\"\",\"type\":\"\",\"source\":\"\"},\"show\":null,\"conditionType\":\"Hide if False\",\"accessibleInFutureSteps\":false,\"HTMLTemplateId\":\"\",\"hide\":false,\"disOnTplt\":false}",
                "IsOmniScriptEmbeddable": false,
                "Type": "Select",
                "VlocityRecordSObjectType": "OmniProcessElement",
                "VlocityDataPackType": "SObject",
                "VlocityRecordSourceKey": "VlocityRecordSourceKey:0kER00000001gQAMAY",
                "VlocityDataPackIsIncluded": true,
                "Description": "",
                "EmbeddedOmniScriptKey": ""
              },
              {
                "Id": "0kER00000001gQBMAY",
                "Name": "SelectTemplate",
                "OmniProcessId": {
                  "Name": "Single Doc - DOCX (LWC)",
                  "VlocityRecordSObjectType": "OmniProcess",
                  "VlocityDataPackType": "VlocityMatchingKeyObject",
                  "VlocityMatchingRecordSourceKey": "VlocityRecordSourceKey:0jNR00000000jbiMAA"
                },
                "IsActive": true,
                "Level": 1,
                "OmniProcessVersionNumber": 1,
                "SequenceNumber": 0,
                "ParentElementId": {
                  "Name": "PickTemplate",
                  "OmniProcessId": {
                    "Name": "Single Doc - DOCX (LWC)",
                    "VlocityRecordSObjectType": "OmniProcess",
                    "VlocityDataPackType": "VlocityMatchingKeyObject",
                    "VlocityMatchingRecordSourceKey": "VlocityRecordSourceKey:0jNR00000000jbiMAA"
                  },
                  "VlocityRecordSObjectType": "OmniProcessElement",
                  "VlocityDataPackType": "VlocityMatchingKeyObject",
                  "VlocityMatchingRecordSourceKey": "VlocityRecordSourceKey:0kER00000001gQ0MAI"
                },
                "ParentElementName": "PickTemplate",
                "ParentElementType": "Step",
                "PropertySetConfig": "{\"controlWidth\":12,\"label\":\"SelectTemplate\",\"show\":null,\"conditionType\":\"Hide if False\",\"hide\":false,\"lwcName\":\"%vlocity_namespace%__clmSelectableItems\",\"bStandalone\":false,\"customAttributes\":[{\"name\":\"template-list\",\"source\":\"%DocumentTemplate%\"},{\"name\":\"clear-state-on-change\",\"source\":\"[\\\"DocumentGenerationWordLWC\\\"]\"}]}",
                "IsOmniScriptEmbeddable": false,
                "Type": "Custom Lightning Web Component",
                "VlocityRecordSObjectType": "OmniProcessElement",
                "VlocityDataPackType": "SObject",
                "VlocityRecordSourceKey": "VlocityRecordSourceKey:0kER00000001gQBMAY",
                "VlocityDataPackIsIncluded": true,
                "Description": "",
                "EmbeddedOmniScriptKey": ""
              },
              {
                "Id": "0kER00000001rzvMAA",
                "Name": "DocumentTitle",
                "OmniProcessId": {
                  "Name": "Single Doc - DOCX (LWC)",
                  "VlocityRecordSObjectType": "OmniProcess",
                  "VlocityDataPackType": "VlocityMatchingKeyObject",
                  "VlocityMatchingRecordSourceKey": "VlocityRecordSourceKey:0jNR00000000jbiMAA"
                },
                "IsActive": true,
                "Level": 1,
                "OmniProcessVersionNumber": 1,
                "SequenceNumber": 6,
                "ParentElementId": {
                  "Name": "GenerationOptions",
                  "OmniProcessId": {
                    "Name": "Single Doc - DOCX (LWC)",
                    "VlocityRecordSObjectType": "OmniProcess",
                    "VlocityDataPackType": "VlocityMatchingKeyObject",
                    "VlocityMatchingRecordSourceKey": "VlocityRecordSourceKey:0jNR00000000jbiMAA"
                  },
                  "VlocityRecordSObjectType": "OmniProcessElement",
                  "VlocityDataPackType": "VlocityMatchingKeyObject",
                  "VlocityMatchingRecordSourceKey": "VlocityRecordSourceKey:0kER00000001gQ6MAI"
                },
                "ParentElementName": "GenerationOptions",
                "ParentElementType": "Step",
                "PropertySetConfig": "{\"controlWidth\":12,\"label\":\"Document Title\",\"showInputWidth\":false,\"inputWidth\":12,\"required\":false,\"repeat\":false,\"repeatClone\":false,\"repeatLimit\":null,\"readOnly\":false,\"defaultValue\":\"TestDocument\",\"help\":false,\"helpText\":\"\",\"mask\":\"\",\"pattern\":\"\",\"ptrnErrText\":\"\",\"minLength\":0,\"maxLength\":255,\"placeholder\":\"\",\"show\":null,\"conditionType\":\"Hide if False\",\"accessibleInFutureSteps\":false,\"debounceValue\":0,\"HTMLTemplateId\":\"\",\"hide\":false,\"disOnTplt\":false}",
                "IsOmniScriptEmbeddable": false,
                "Type": "Text",
                "VlocityRecordSObjectType": "OmniProcessElement",
                "VlocityDataPackType": "SObject",
                "VlocityRecordSourceKey": "VlocityRecordSourceKey:0kER00000001rzvMAA",
                "VlocityDataPackIsIncluded": true,
                "Description": "",
                "EmbeddedOmniScriptKey": ""
              }
            ],
            "VlocityRecordSObjectType": "OmniProcess",
            "VlocityDataPackType": "SObject",
            "VlocityRecordSourceKey": "VlocityRecordSourceKey:0jNR00000000jbiMAA",
            "VlocityDataPackIsIncluded": true,
            "RequiredPermission": "",
            "CustomJavaScript": "",
            "ResponseCacheType": "",
            "OmniProcessKey": "",
            "CustomHtmlTemplates": "",
            "LastPreviewPage": ""
          }
        ]
      },
      "VlocityDataPackAllRelationships": {
        "577a89c150d7f1639c828d158f4b616c": "Reference by Name"
      },
      "DataPackAttachmentSize": 39900,
      "DataPackAttachmentParentId": "a09R0000000XYacIAG",
      "DataPackAttachmentId": "00PR0000000LVuAMAW",
      "ActivationStatus": "Ready"
    },
    {
      "VlocityPrimarySourceId": "0jIR00000000MOcMAM",
      "VlocityPreviousPageKey": null,
      "VlocityMultiPackParentKey": null,
      "VlocityDepthFromPrimary": 0,
      "VlocityDataPackType": "DataRaptor",
      "VlocityDataPackStatus": "Success",
      "VlocityDataPackRelationshipType": "Sibling",
      "VlocityDataPackRecords": [],
      "VlocityDataPackParents": [],
      "VlocityDataPackName": "DocGenSample-ExtractDocumentTemplatesLWC",
      "VlocityDataPackMessage": null,
      "VlocityDataPackLabel": "DataRaptor",
      "VlocityDataPackKey": "577a89c150d7f1639c828d158f4b616c",
      "VlocityDataPackIsNotSupported": false,
      "VlocityDataPackIsIncluded": true,
      "VlocityDataPackData": {
        "VlocityDataPackRelationshipType": "Sibling",
        "VlocityDataPackKey": "577a89c150d7f1639c828d158f4b616c",
        "VlocityDataPackLabel": "DataRaptor",
        "VlocityDataPackType": "DataRaptor",
        "Id": "DocGenSample-ExtractDocumentTemplatesLWC",
        "OmniDataTransform": [
          {
            "Id": "0jIR00000000MOcMAM",
            "Name": "DocGenSample-ExtractDocumentTemplatesLWC",
            "IsFieldLevelSecurityEnabled": false,
            "IsDeletedOnSuccess": false,
            "IsErrorIgnored": false,
            "InputType": "JSON",
            "SourceObject": "json",
            "IsSourceObjectDefault": false,
            "IsProcessSuperBulk": false,
            "OutputType": "JSON",
            "IsNullInputsIncludedInOutput": false,
            "IsRollbackOnError": false,
            "PreviewJsonData": "{\"\":\"\",\"templateType\":\"MicrosoftWord\"}",
            "Type": "Extract",
            "IsAssignmentRulesUsed": false,
            "IsXmlDeclarationRemoved": false,
            "GlobalKey": "DocGenSample-ExtractDocumentTemplatesLWC",
            "OmniDataTransformItem": [
              {
                "Id": "0kdR000000012TZIAY",
                "Name": "DocGenSample-ExtractDocumentTemplatesLWC",
                "OmniDataTransformationId": {
                  "Name": "DocGenSample-ExtractDocumentTemplatesLWC",
                  "VlocityRecordSObjectType": "OmniDataTransform",
                  "VlocityDataPackType": "VlocityMatchingKeyObject",
                  "VlocityMatchingRecordSourceKey": "VlocityRecordSourceKey:0jIR00000000MOcMAM"
                },
                "FilterGroup": 0,
                "FilterOperator": "=",
                "FilterValue": "'true'",
                "GlobalKey": "DocGenSample-ExtractDocumentTemplatesLWCCustom8302",
                "InputObjectName": "DocumentTemplate",
                "InputObjectQuerySequence": 1,
                "IsDisabled": false,
                "IsRequiredForUpsert": false,
                "IsUpsertKey": false,
                "OutputCreationSequence": 0,
                "OutputObjectName": "json",
                "OutputFieldName": "DocumentTemplate",
                "InputFieldName": "IsActive",
                "VlocityRecordSObjectType": "OmniDataTransformItem",
                "VlocityDataPackType": "SObject",
                "VlocityRecordSourceKey": "VlocityRecordSourceKey:0kdR000000012TZIAY",
                "VlocityDataPackIsIncluded": true,
                "DefaultValue": "",
                "FilterDataType": "",
                "FormulaExpression": "",
                "FormulaResultPath": "",
                "FormulaSequence": "",
                "LinkedFieldName": "",
                "LinkedObjectSequence": "",
                "LookupByFieldName": "",
                "LookupObjectName": "",
                "LookupReturnedFieldName": "",
                "MigrationAttribute": "",
                "MigrationCategory": "",
                "MigrationGroup": "",
                "MigrationKey": "",
                "MigrationPattern": "",
                "MigrationProcess": "",
                "MigrationType": "",
                "MigrationValue": "",
                "OutputFieldFormat": "",
                "TransformValueMappings": ""
              },
              {
                "Id": "0kdR000000012TaIAI",
                "Name": "DocGenSample-ExtractDocumentTemplatesLWC",
                "OmniDataTransformationId": {
                  "Name": "DocGenSample-ExtractDocumentTemplatesLWC",
                  "VlocityRecordSObjectType": "OmniDataTransform",
                  "VlocityDataPackType": "VlocityMatchingKeyObject",
                  "VlocityMatchingRecordSourceKey": "VlocityRecordSourceKey:0jIR00000000MOcMAM"
                },
                "FilterGroup": 0,
                "FilterOperator": "=",
                "FilterValue": "'JSON'",
                "GlobalKey": "DocGenSample-ExtractDocumentTemplatesLWCCustom5980",
                "InputObjectName": "DocumentTemplate",
                "InputObjectQuerySequence": 1,
                "IsDisabled": false,
                "IsRequiredForUpsert": false,
                "IsUpsertKey": false,
                "OutputCreationSequence": 0,
                "OutputObjectName": "json",
                "OutputFieldName": "DocumentTemplate",
                "InputFieldName": "TokenMappingType",
                "VlocityRecordSObjectType": "OmniDataTransformItem",
                "VlocityDataPackType": "SObject",
                "VlocityRecordSourceKey": "VlocityRecordSourceKey:0kdR000000012TaIAI",
                "VlocityDataPackIsIncluded": true,
                "DefaultValue": "",
                "FilterDataType": "",
                "FormulaExpression": "",
                "FormulaResultPath": "",
                "FormulaSequence": "",
                "LinkedFieldName": "",
                "LinkedObjectSequence": "",
                "LookupByFieldName": "",
                "LookupObjectName": "",
                "LookupReturnedFieldName": "",
                "MigrationAttribute": "",
                "MigrationCategory": "",
                "MigrationGroup": "",
                "MigrationKey": "",
                "MigrationPattern": "",
                "MigrationProcess": "",
                "MigrationType": "",
                "MigrationValue": "",
                "OutputFieldFormat": "",
                "TransformValueMappings": ""
              },
              {
                "Id": "0kdR000000012TbIAI",
                "Name": "DocGenSample-ExtractDocumentTemplatesLWC",
                "OmniDataTransformationId": {
                  "Name": "DocGenSample-ExtractDocumentTemplatesLWC",
                  "VlocityRecordSObjectType": "OmniDataTransform",
                  "VlocityDataPackType": "VlocityMatchingKeyObject",
                  "VlocityMatchingRecordSourceKey": "VlocityRecordSourceKey:0jIR00000000MOcMAM"
                },
                "FilterGroup": 0,
                "FilterOperator": "=",
                "FilterValue": "templateType",
                "GlobalKey": "DocGenSample-ExtractDocumentTemplatesLWCCustom6115",
                "InputObjectName": "DocumentTemplate",
                "InputObjectQuerySequence": 1,
                "IsDisabled": false,
                "IsRequiredForUpsert": false,
                "IsUpsertKey": false,
                "OutputCreationSequence": 0,
                "OutputObjectName": "json",
                "OutputFieldName": "DocumentTemplate",
                "InputFieldName": "Type",
                "VlocityRecordSObjectType": "OmniDataTransformItem",
                "VlocityDataPackType": "SObject",
                "VlocityRecordSourceKey": "VlocityRecordSourceKey:0kdR000000012TbIAI",
                "VlocityDataPackIsIncluded": true,
                "DefaultValue": "",
                "FilterDataType": "",
                "FormulaExpression": "",
                "FormulaResultPath": "",
                "FormulaSequence": "",
                "LinkedFieldName": "",
                "LinkedObjectSequence": "",
                "LookupByFieldName": "",
                "LookupObjectName": "",
                "LookupReturnedFieldName": "",
                "MigrationAttribute": "",
                "MigrationCategory": "",
                "MigrationGroup": "",
                "MigrationKey": "",
                "MigrationPattern": "",
                "MigrationProcess": "",
                "MigrationType": "",
                "MigrationValue": "",
                "OutputFieldFormat": "",
                "TransformValueMappings": ""
              },
              {
                "Id": "0kdR000000012TcIAI",
                "Name": "DocGenSample-ExtractDocumentTemplatesLWC",
                "OmniDataTransformationId": {
                  "Name": "DocGenSample-ExtractDocumentTemplatesLWC",
                  "VlocityRecordSObjectType": "OmniDataTransform",
                  "VlocityDataPackType": "VlocityMatchingKeyObject",
                  "VlocityMatchingRecordSourceKey": "VlocityRecordSourceKey:0jIR00000000MOcMAM"
                },
                "GlobalKey": "DocGenSample-ExtractDocumentTemplatesLWCCustom2598",
                "IsDisabled": false,
                "IsRequiredForUpsert": false,
                "IsUpsertKey": false,
                "OutputCreationSequence": 1,
                "OutputObjectName": "json",
                "OutputFieldName": "DocumentTemplate:DocumentGenerationMechanism",
                "InputFieldName": "DocumentTemplate:DocumentGenerationMechanism",
                "VlocityRecordSObjectType": "OmniDataTransformItem",
                "VlocityDataPackType": "SObject",
                "VlocityRecordSourceKey": "VlocityRecordSourceKey:0kdR000000012TcIAI",
                "VlocityDataPackIsIncluded": true,
                "DefaultValue": "",
                "FilterDataType": "",
                "FilterGroup": "",
                "FilterOperator": "",
                "FilterValue": "",
                "FormulaExpression": "",
                "FormulaResultPath": "",
                "FormulaSequence": "",
                "InputObjectName": "",
                "InputObjectQuerySequence": "",
                "LinkedFieldName": "",
                "LinkedObjectSequence": "",
                "LookupByFieldName": "",
                "LookupObjectName": "",
                "LookupReturnedFieldName": "",
                "MigrationAttribute": "",
                "MigrationCategory": "",
                "MigrationGroup": "",
                "MigrationKey": "",
                "MigrationPattern": "",
                "MigrationProcess": "",
                "MigrationType": "",
                "MigrationValue": "",
                "OutputFieldFormat": "",
                "TransformValueMappings": ""
              },
              {
                "Id": "0kdR000000012TdIAI",
                "Name": "DocGenSample-ExtractDocumentTemplatesLWC",
                "OmniDataTransformationId": {
                  "Name": "DocGenSample-ExtractDocumentTemplatesLWC",
                  "VlocityRecordSObjectType": "OmniDataTransform",
                  "VlocityDataPackType": "VlocityMatchingKeyObject",
                  "VlocityMatchingRecordSourceKey": "VlocityRecordSourceKey:0jIR00000000MOcMAM"
                },
                "GlobalKey": "DocGenSample-ExtractDocumentTemplatesLWCCustom8472",
                "IsDisabled": false,
                "IsRequiredForUpsert": false,
                "IsUpsertKey": false,
                "OutputCreationSequence": 1,
                "OutputObjectName": "json",
                "OutputFieldName": "DocumentTemplate:Id",
                "InputFieldName": "DocumentTemplate:Id",
                "VlocityRecordSObjectType": "OmniDataTransformItem",
                "VlocityDataPackType": "SObject",
                "VlocityRecordSourceKey": "VlocityRecordSourceKey:0kdR000000012TdIAI",
                "VlocityDataPackIsIncluded": true,
                "DefaultValue": "",
                "FilterDataType": "",
                "FilterGroup": "",
                "FilterOperator": "",
                "FilterValue": "",
                "FormulaExpression": "",
                "FormulaResultPath": "",
                "FormulaSequence": "",
                "InputObjectName": "",
                "InputObjectQuerySequence": "",
                "LinkedFieldName": "",
                "LinkedObjectSequence": "",
                "LookupByFieldName": "",
                "LookupObjectName": "",
                "LookupReturnedFieldName": "",
                "MigrationAttribute": "",
                "MigrationCategory": "",
                "MigrationGroup": "",
                "MigrationKey": "",
                "MigrationPattern": "",
                "MigrationProcess": "",
                "MigrationType": "",
                "MigrationValue": "",
                "OutputFieldFormat": "",
                "TransformValueMappings": ""
              },
              {
                "Id": "0kdR000000012TeIAI",
                "Name": "DocGenSample-ExtractDocumentTemplatesLWC",
                "OmniDataTransformationId": {
                  "Name": "DocGenSample-ExtractDocumentTemplatesLWC",
                  "VlocityRecordSObjectType": "OmniDataTransform",
                  "VlocityDataPackType": "VlocityMatchingKeyObject",
                  "VlocityMatchingRecordSourceKey": "VlocityRecordSourceKey:0jIR00000000MOcMAM"
                },
                "GlobalKey": "DocGenSample-ExtractDocumentTemplatesLWCCustom1432",
                "IsDisabled": false,
                "IsRequiredForUpsert": false,
                "IsUpsertKey": false,
                "OutputCreationSequence": 1,
                "OutputObjectName": "json",
                "OutputFieldName": "DocumentTemplate:Name",
                "InputFieldName": "DocumentTemplate:Name",
                "VlocityRecordSObjectType": "OmniDataTransformItem",
                "VlocityDataPackType": "SObject",
                "VlocityRecordSourceKey": "VlocityRecordSourceKey:0kdR000000012TeIAI",
                "VlocityDataPackIsIncluded": true,
                "DefaultValue": "",
                "FilterDataType": "",
                "FilterGroup": "",
                "FilterOperator": "",
                "FilterValue": "",
                "FormulaExpression": "",
                "FormulaResultPath": "",
                "FormulaSequence": "",
                "InputObjectName": "",
                "InputObjectQuerySequence": "",
                "LinkedFieldName": "",
                "LinkedObjectSequence": "",
                "LookupByFieldName": "",
                "LookupObjectName": "",
                "LookupReturnedFieldName": "",
                "MigrationAttribute": "",
                "MigrationCategory": "",
                "MigrationGroup": "",
                "MigrationKey": "",
                "MigrationPattern": "",
                "MigrationProcess": "",
                "MigrationType": "",
                "MigrationValue": "",
                "OutputFieldFormat": "",
                "TransformValueMappings": ""
              },
              {
                "Id": "0kdR000000012TfIAI",
                "Name": "DocGenSample-ExtractDocumentTemplatesLWC",
                "OmniDataTransformationId": {
                  "Name": "DocGenSample-ExtractDocumentTemplatesLWC",
                  "VlocityRecordSObjectType": "OmniDataTransform",
                  "VlocityDataPackType": "VlocityMatchingKeyObject",
                  "VlocityMatchingRecordSourceKey": "VlocityRecordSourceKey:0jIR00000000MOcMAM"
                },
                "GlobalKey": "DocGenSample-ExtractDocumentTemplatesLWCCustom5644",
                "IsDisabled": false,
                "IsRequiredForUpsert": false,
                "IsUpsertKey": false,
                "OutputCreationSequence": 1,
                "OutputObjectName": "json",
                "OutputFieldName": "DocumentTemplate:TemplateType",
                "InputFieldName": "DocumentTemplate:Type",
                "VlocityRecordSObjectType": "OmniDataTransformItem",
                "VlocityDataPackType": "SObject",
                "VlocityRecordSourceKey": "VlocityRecordSourceKey:0kdR000000012TfIAI",
                "VlocityDataPackIsIncluded": true,
                "DefaultValue": "",
                "FilterDataType": "",
                "FilterGroup": "",
                "FilterOperator": "",
                "FilterValue": "",
                "FormulaExpression": "",
                "FormulaResultPath": "",
                "FormulaSequence": "",
                "InputObjectName": "",
                "InputObjectQuerySequence": "",
                "LinkedFieldName": "",
                "LinkedObjectSequence": "",
                "LookupByFieldName": "",
                "LookupObjectName": "",
                "LookupReturnedFieldName": "",
                "MigrationAttribute": "",
                "MigrationCategory": "",
                "MigrationGroup": "",
                "MigrationKey": "",
                "MigrationPattern": "",
                "MigrationProcess": "",
                "MigrationType": "",
                "MigrationValue": "",
                "OutputFieldFormat": "",
                "TransformValueMappings": ""
              },
              {
                "Id": "0kdR000000012TgIAI",
                "Name": "DocGenSample-ExtractDocumentTemplatesLWC",
                "OmniDataTransformationId": {
                  "Name": "DocGenSample-ExtractDocumentTemplatesLWC",
                  "VlocityRecordSObjectType": "OmniDataTransform",
                  "VlocityDataPackType": "VlocityMatchingKeyObject",
                  "VlocityMatchingRecordSourceKey": "VlocityRecordSourceKey:0jIR00000000MOcMAM"
                },
                "GlobalKey": "DocGenSample-ExtractDocumentTemplatesLWCCustom4853",
                "IsDisabled": false,
                "IsRequiredForUpsert": false,
                "IsUpsertKey": false,
                "OutputCreationSequence": 1,
                "OutputObjectName": "json",
                "OutputFieldName": "DocumentTemplate:VersionNumber",
                "InputFieldName": "DocumentTemplate:VersionNumber",
                "VlocityRecordSObjectType": "OmniDataTransformItem",
                "VlocityDataPackType": "SObject",
                "VlocityRecordSourceKey": "VlocityRecordSourceKey:0kdR000000012TgIAI",
                "VlocityDataPackIsIncluded": true,
                "DefaultValue": "",
                "FilterDataType": "",
                "FilterGroup": "",
                "FilterOperator": "",
                "FilterValue": "",
                "FormulaExpression": "",
                "FormulaResultPath": "",
                "FormulaSequence": "",
                "InputObjectName": "",
                "InputObjectQuerySequence": "",
                "LinkedFieldName": "",
                "LinkedObjectSequence": "",
                "LookupByFieldName": "",
                "LookupObjectName": "",
                "LookupReturnedFieldName": "",
                "MigrationAttribute": "",
                "MigrationCategory": "",
                "MigrationGroup": "",
                "MigrationKey": "",
                "MigrationPattern": "",
                "MigrationProcess": "",
                "MigrationType": "",
                "MigrationValue": "",
                "OutputFieldFormat": "",
                "TransformValueMappings": ""
              }
            ],
            "VlocityRecordSObjectType": "OmniDataTransform",
            "VlocityDataPackType": "SObject",
            "VlocityRecordSourceKey": "VlocityRecordSourceKey:0jIR00000000MOcMAM",
            "VlocityDataPackIsIncluded": true,
            "BatchSize": "",
            "Description": "",
            "InputParsingClass": "",
            "ExpectedInputJson": "",
            "ExpectedInputXml": "",
            "ExpectedInputOtherData": "",
            "OutputParsingClass": "",
            "PreprocessorClassName": "",
            "SynchronousProcessThreshold": "",
            "RequiredPermission": "",
            "ResponseCacheType": "",
            "PreviewSourceObjectData": "",
            "PreviewXmlData": "",
            "PreviewOtherData": "",
            "TargetOutputDocumentIdentifier": "",
            "ExpectedOutputJson": "",
            "TargetOutputFileName": "",
            "ExpectedOutputXml": "",
            "ExpectedOutputOtherData": "",
            "ResponseCacheTtlMinutes": "",
            "XmlOutputTagsOrder": ""
          }
        ]
      },
      "VlocityDataPackAllRelationships": {
        "425675f37af608f09c33b87ba14b19c8": "Reference by Name"
      },
      "DataPackAttachmentSize": 13095,
      "DataPackAttachmentParentId": "a09R0000000XYacIAG",
      "DataPackAttachmentId": "00PR0000000LVuFMAW",
      "ActivationStatus": "NA"
    }
  ],
  "dataPackId": "a09R0000000XYacIAG",
  "alreadyExportedKeys": [],
  "name": "Single Doc - DOCX (LWC)",
  "description": "",
  "version": 1,
  "Status": "Complete"
}